window_id,label,subject
swell_PP10_1132,0,PP10
swell_PP10_1133,0,PP10
swell_PP10_1134,0,PP10
swell_PP10_1136,0,PP10
swell_PP10_1137,0,PP10
swell_PP10_1138,0,PP10
swell_PP10_1139,0,PP10
swell_PP10_1142,0,PP10
swell_PP10_1145,0,PP10
swell_PP10_1149,0,PP10
swell_PP10_1151,0,PP10
swell_PP10_1154,0,PP10
swell_PP10_1155,0,PP10
swell_PP10_1156,0,PP10
swell_PP10_1157,0,PP10
swell_PP10_1158,0,PP10
swell_PP10_1159,0,PP10
swell_PP10_1160,0,PP10
swell_PP10_1161,0,PP10
swell_PP10_1162,0,PP10
swell_PP10_1163,0,PP10
swell_PP10_1164,0,PP10
swell_PP10_1165,0,PP10
swell_PP10_1166,0,PP10
swell_PP10_1167,0,PP10
swell_PP10_1168,0,PP10
swell_PP10_1169,0,PP10
swell_PP10_1170,0,PP10
swell_PP10_1171,0,PP10
swell_PP10_1172,0,PP10
swell_PP10_1226,2,PP10
swell_PP10_1227,2,PP10
swell_PP10_1228,2,PP10
swell_PP10_1229,2,PP10
swell_PP10_1230,2,PP10
swell_PP10_1231,2,PP10
swell_PP10_1232,2,PP10
swell_PP10_1233,2,PP10
swell_PP10_1234,2,PP10
swell_PP10_1235,2,PP10
swell_PP10_1236,2,PP10
swell_PP10_1238,2,PP10
swell_PP10_1239,2,PP10
swell_PP10_1240,2,PP10
swell_PP10_1242,2,PP10
swell_PP10_1243,2,PP10
swell_PP10_1244,2,PP10
swell_PP10_1246,2,PP10
swell_PP10_1247,2,PP10
swell_PP10_1249,2,PP10
swell_PP10_1250,2,PP10
swell_PP10_1251,2,PP10
swell_PP11_1258,0,PP11
swell_PP11_1259,0,PP11
swell_PP11_1260,0,PP11
swell_PP11_1261,0,PP11
swell_PP11_1262,0,PP11
swell_PP11_1263,0,PP11
swell_PP11_1264,0,PP11
swell_PP11_1265,0,PP11
swell_PP11_1266,0,PP11
swell_PP11_1267,0,PP11
swell_PP11_1268,0,PP11
swell_PP11_1269,0,PP11
swell_PP11_1270,0,PP11
swell_PP11_1271,0,PP11
swell_PP11_1272,0,PP11
swell_PP11_1273,0,PP11
swell_PP11_1274,0,PP11
swell_PP11_1275,0,PP11
swell_PP11_1276,0,PP11
swell_PP11_1277,0,PP11
swell_PP11_1278,0,PP11
swell_PP11_1279,0,PP11
swell_PP11_1280,0,PP11
swell_PP11_1281,0,PP11
swell_PP11_1282,0,PP11
swell_PP11_1283,0,PP11
swell_PP11_1284,0,PP11
swell_PP11_1285,0,PP11
swell_PP11_1286,0,PP11
swell_PP11_1287,0,PP11
swell_PP11_1288,0,PP11
swell_PP11_1289,0,PP11
swell_PP11_1290,0,PP11
swell_PP11_1291,0,PP11
swell_PP11_1292,0,PP11
swell_PP11_1293,0,PP11
swell_PP11_1294,0,PP11
swell_PP11_1295,0,PP11
swell_PP11_1296,0,PP11
swell_PP11_1297,0,PP11
swell_PP11_1305,2,PP11
swell_PP11_1306,2,PP11
swell_PP11_1307,2,PP11
swell_PP11_1308,2,PP11
swell_PP11_1309,2,PP11
swell_PP11_1310,2,PP11
swell_PP11_1311,2,PP11
swell_PP11_1312,2,PP11
swell_PP11_1313,2,PP11
swell_PP11_1314,2,PP11
swell_PP11_1315,2,PP11
swell_PP11_1316,2,PP11
swell_PP11_1317,2,PP11
swell_PP11_1318,2,PP11
swell_PP11_1319,2,PP11
swell_PP11_1320,2,PP11
swell_PP11_1321,2,PP11
swell_PP11_1338,1,PP11
swell_PP11_1339,1,PP11
swell_PP11_1340,1,PP11
swell_PP11_1341,1,PP11
swell_PP11_1342,1,PP11
swell_PP11_1343,1,PP11
swell_PP11_1344,1,PP11
swell_PP11_1345,1,PP11
swell_PP11_1346,1,PP11
swell_PP11_1347,1,PP11
swell_PP11_1348,1,PP11
swell_PP11_1349,1,PP11
swell_PP11_1350,1,PP11
swell_PP11_1351,1,PP11
swell_PP11_1352,1,PP11
swell_PP11_1353,1,PP11
swell_PP11_1354,1,PP11
swell_PP11_1355,1,PP11
swell_PP11_1356,1,PP11
swell_PP12_1385,0,PP12
swell_PP12_1386,0,PP12
swell_PP12_1387,0,PP12
swell_PP12_1388,0,PP12
swell_PP12_1389,0,PP12
swell_PP12_1390,0,PP12
swell_PP12_1391,0,PP12
swell_PP12_1392,0,PP12
swell_PP12_1393,0,PP12
swell_PP12_1394,0,PP12
swell_PP12_1395,0,PP12
swell_PP12_1396,0,PP12
swell_PP12_1397,0,PP12
swell_PP12_1398,0,PP12
swell_PP12_1399,0,PP12
swell_PP12_1400,0,PP12
swell_PP12_1401,0,PP12
swell_PP12_1402,0,PP12
swell_PP12_1403,0,PP12
swell_PP12_1404,0,PP12
swell_PP12_1405,0,PP12
swell_PP12_1406,0,PP12
swell_PP12_1407,0,PP12
swell_PP12_1408,0,PP12
swell_PP12_1409,0,PP12
swell_PP12_1410,0,PP12
swell_PP12_1411,0,PP12
swell_PP12_1412,0,PP12
swell_PP12_1413,0,PP12
swell_PP12_1414,0,PP12
swell_PP12_1415,0,PP12
swell_PP12_1416,0,PP12
swell_PP12_1417,0,PP12
swell_PP12_1418,0,PP12
swell_PP12_1419,0,PP12
swell_PP12_1420,0,PP12
swell_PP12_1421,0,PP12
swell_PP12_1422,0,PP12
swell_PP12_1423,0,PP12
swell_PP12_1424,0,PP12
swell_PP12_1425,0,PP12
swell_PP12_1426,0,PP12
swell_PP12_1433,1,PP12
swell_PP12_1434,1,PP12
swell_PP12_1435,1,PP12
swell_PP12_1436,1,PP12
swell_PP12_1437,1,PP12
swell_PP12_1438,1,PP12
swell_PP12_1439,1,PP12
swell_PP12_1440,1,PP12
swell_PP12_1441,1,PP12
swell_PP12_1442,1,PP12
swell_PP12_1443,1,PP12
swell_PP12_1444,1,PP12
swell_PP12_1445,1,PP12
swell_PP12_1446,1,PP12
swell_PP12_1447,1,PP12
swell_PP12_1449,1,PP12
swell_PP12_1450,1,PP12
swell_PP12_1451,1,PP12
swell_PP12_1452,1,PP12
swell_PP12_1455,1,PP12
swell_PP12_1456,1,PP12
swell_PP12_1457,1,PP12
swell_PP12_1458,1,PP12
swell_PP12_1459,1,PP12
swell_PP12_1460,1,PP12
swell_PP12_1461,1,PP12
swell_PP12_1462,1,PP12
swell_PP12_1463,1,PP12
swell_PP12_1464,1,PP12
swell_PP12_1465,1,PP12
swell_PP12_1466,1,PP12
swell_PP12_1481,2,PP12
swell_PP12_1482,2,PP12
swell_PP12_1483,2,PP12
swell_PP12_1484,2,PP12
swell_PP12_1485,2,PP12
swell_PP12_1486,2,PP12
swell_PP12_1487,2,PP12
swell_PP12_1488,2,PP12
swell_PP12_1489,2,PP12
swell_PP12_1490,2,PP12
swell_PP12_1491,2,PP12
swell_PP12_1492,2,PP12
swell_PP12_1493,2,PP12
swell_PP12_1494,2,PP12
swell_PP12_1495,2,PP12
swell_PP12_1496,2,PP12
swell_PP12_1497,2,PP12
swell_PP12_1498,2,PP12
swell_PP12_1499,2,PP12
swell_PP13_1514,0,PP13
swell_PP13_1515,0,PP13
swell_PP13_1516,0,PP13
swell_PP13_1517,0,PP13
swell_PP13_1518,0,PP13
swell_PP13_1519,0,PP13
swell_PP13_1520,0,PP13
swell_PP13_1522,0,PP13
swell_PP13_1526,0,PP13
swell_PP13_1528,0,PP13
swell_PP13_1531,0,PP13
swell_PP13_1532,0,PP13
swell_PP13_1533,0,PP13
swell_PP13_1534,0,PP13
swell_PP13_1536,0,PP13
swell_PP13_1537,0,PP13
swell_PP13_1538,0,PP13
swell_PP13_1539,0,PP13
swell_PP13_1540,0,PP13
swell_PP13_1541,0,PP13
swell_PP13_1542,0,PP13
swell_PP13_1563,2,PP13
swell_PP13_1564,2,PP13
swell_PP13_1565,2,PP13
swell_PP13_1566,2,PP13
swell_PP13_1567,2,PP13
swell_PP13_1568,2,PP13
swell_PP13_1569,2,PP13
swell_PP13_1571,2,PP13
swell_PP13_1572,2,PP13
swell_PP13_1573,2,PP13
swell_PP13_1574,2,PP13
swell_PP13_1575,2,PP13
swell_PP13_1576,2,PP13
swell_PP13_1577,2,PP13
swell_PP13_1579,2,PP13
swell_PP13_1580,2,PP13
swell_PP13_1582,2,PP13
swell_PP13_1583,2,PP13
swell_PP13_1584,2,PP13
swell_PP13_1586,2,PP13
swell_PP13_1587,2,PP13
swell_PP13_1588,2,PP13
swell_PP13_1595,1,PP13
swell_PP13_1596,1,PP13
swell_PP13_1597,1,PP13
swell_PP13_1598,1,PP13
swell_PP13_1599,1,PP13
swell_PP13_1600,1,PP13
swell_PP13_1601,1,PP13
swell_PP13_1602,1,PP13
swell_PP13_1603,1,PP13
swell_PP13_1604,1,PP13
swell_PP13_1605,1,PP13
swell_PP13_1606,1,PP13
swell_PP13_1607,1,PP13
swell_PP13_1608,1,PP13
swell_PP13_1609,1,PP13
swell_PP13_1610,1,PP13
swell_PP13_1611,1,PP13
swell_PP13_1612,1,PP13
swell_PP13_1613,1,PP13
swell_PP13_1614,1,PP13
swell_PP13_1615,1,PP13
swell_PP13_1616,1,PP13
swell_PP13_1617,1,PP13
swell_PP13_1618,1,PP13
swell_PP13_1619,1,PP13
swell_PP13_1620,1,PP13
swell_PP13_1621,1,PP13
swell_PP13_1622,1,PP13
swell_PP13_1623,1,PP13
swell_PP13_1624,1,PP13
swell_PP13_1625,1,PP13
swell_PP13_1626,1,PP13
swell_PP14_1640,0,PP14
swell_PP14_1641,0,PP14
swell_PP14_1642,0,PP14
swell_PP14_1643,0,PP14
swell_PP14_1644,0,PP14
swell_PP14_1645,0,PP14
swell_PP14_1646,0,PP14
swell_PP14_1647,0,PP14
swell_PP14_1648,0,PP14
swell_PP14_1649,0,PP14
swell_PP14_1650,0,PP14
swell_PP14_1651,0,PP14
swell_PP14_1652,0,PP14
swell_PP14_1653,0,PP14
swell_PP14_1654,0,PP14
swell_PP14_1655,0,PP14
swell_PP14_1656,0,PP14
swell_PP14_1657,0,PP14
swell_PP14_1658,0,PP14
swell_PP14_1659,0,PP14
swell_PP14_1660,0,PP14
swell_PP14_1661,0,PP14
swell_PP14_1662,0,PP14
swell_PP14_1663,0,PP14
swell_PP14_1664,0,PP14
swell_PP14_1665,0,PP14
swell_PP14_1666,0,PP14
swell_PP14_1667,0,PP14
swell_PP14_1668,0,PP14
swell_PP14_1670,0,PP14
swell_PP14_1671,0,PP14
swell_PP14_1672,0,PP14
swell_PP14_1688,1,PP14
swell_PP14_1689,1,PP14
swell_PP14_1690,1,PP14
swell_PP14_1691,1,PP14
swell_PP14_1692,1,PP14
swell_PP14_1693,1,PP14
swell_PP14_1694,1,PP14
swell_PP14_1695,1,PP14
swell_PP14_1696,1,PP14
swell_PP14_1697,1,PP14
swell_PP14_1698,1,PP14
swell_PP14_1699,1,PP14
swell_PP14_1700,1,PP14
swell_PP14_1701,1,PP14
swell_PP14_1702,1,PP14
swell_PP14_1703,1,PP14
swell_PP14_1704,1,PP14
swell_PP14_1705,1,PP14
swell_PP14_1706,1,PP14
swell_PP14_1707,1,PP14
swell_PP14_1708,1,PP14
swell_PP14_1709,1,PP14
swell_PP14_1710,1,PP14
swell_PP14_1711,1,PP14
swell_PP14_1712,1,PP14
swell_PP14_1714,1,PP14
swell_PP14_1715,1,PP14
swell_PP14_1716,1,PP14
swell_PP14_1717,1,PP14
swell_PP14_1718,1,PP14
swell_PP14_1719,1,PP14
swell_PP14_1720,1,PP14
swell_PP14_1721,1,PP14
swell_PP14_1722,1,PP14
swell_PP15_1769,0,PP15
swell_PP15_1770,0,PP15
swell_PP15_1771,0,PP15
swell_PP15_1772,0,PP15
swell_PP15_1773,0,PP15
swell_PP15_1774,0,PP15
swell_PP15_1775,0,PP15
swell_PP15_1776,0,PP15
swell_PP15_1778,0,PP15
swell_PP15_1779,0,PP15
swell_PP15_1780,0,PP15
swell_PP15_1781,0,PP15
swell_PP15_1782,0,PP15
swell_PP15_1783,0,PP15
swell_PP15_1784,0,PP15
swell_PP15_1785,0,PP15
swell_PP15_1786,0,PP15
swell_PP15_1787,0,PP15
swell_PP15_1788,0,PP15
swell_PP15_1789,0,PP15
swell_PP15_1790,0,PP15
swell_PP15_1791,0,PP15
swell_PP15_1792,0,PP15
swell_PP15_1793,0,PP15
swell_PP15_1794,0,PP15
swell_PP15_1795,0,PP15
swell_PP15_1796,0,PP15
swell_PP15_1797,0,PP15
swell_PP15_1798,0,PP15
swell_PP15_1816,2,PP15
swell_PP15_1817,2,PP15
swell_PP15_1818,2,PP15
swell_PP15_1819,2,PP15
swell_PP15_1820,2,PP15
swell_PP15_1821,2,PP15
swell_PP15_1823,2,PP15
swell_PP15_1825,2,PP15
swell_PP15_1826,2,PP15
swell_PP15_1827,2,PP15
swell_PP15_1828,2,PP15
swell_PP15_1829,2,PP15
swell_PP15_1830,2,PP15
swell_PP15_1831,2,PP15
swell_PP15_1832,2,PP15
swell_PP15_1833,2,PP15
swell_PP15_1834,2,PP15
swell_PP15_1848,1,PP15
swell_PP15_1849,1,PP15
swell_PP15_1850,1,PP15
swell_PP15_1851,1,PP15
swell_PP15_1852,1,PP15
swell_PP15_1853,1,PP15
swell_PP15_1854,1,PP15
swell_PP15_1855,1,PP15
swell_PP15_1856,1,PP15
swell_PP15_1857,1,PP15
swell_PP15_1858,1,PP15
swell_PP15_1859,1,PP15
swell_PP15_1860,1,PP15
swell_PP15_1861,1,PP15
swell_PP15_1862,1,PP15
swell_PP15_1863,1,PP15
swell_PP15_1864,1,PP15
swell_PP15_1865,1,PP15
swell_PP15_1866,1,PP15
swell_PP15_1867,1,PP15
swell_PP15_1868,1,PP15
swell_PP15_1869,1,PP15
swell_PP15_1870,1,PP15
swell_PP15_1871,1,PP15
swell_PP15_1872,1,PP15
swell_PP15_1873,1,PP15
swell_PP15_1874,1,PP15
swell_PP15_1875,1,PP15
swell_PP15_1876,1,PP15
swell_PP16_1890,0,PP16
swell_PP16_1891,0,PP16
swell_PP16_1892,0,PP16
swell_PP16_1893,0,PP16
swell_PP16_1894,0,PP16
swell_PP16_1895,0,PP16
swell_PP16_1896,0,PP16
swell_PP16_1898,0,PP16
swell_PP16_1899,0,PP16
swell_PP16_1900,0,PP16
swell_PP16_1901,0,PP16
swell_PP16_1902,0,PP16
swell_PP16_1903,0,PP16
swell_PP16_1904,0,PP16
swell_PP16_1905,0,PP16
swell_PP16_1906,0,PP16
swell_PP16_1907,0,PP16
swell_PP16_1908,0,PP16
swell_PP16_1909,0,PP16
swell_PP16_1910,0,PP16
swell_PP16_1911,0,PP16
swell_PP16_1912,0,PP16
swell_PP16_1913,0,PP16
swell_PP16_1914,0,PP16
swell_PP16_1915,0,PP16
swell_PP16_1916,0,PP16
swell_PP16_1917,0,PP16
swell_PP16_1918,0,PP16
swell_PP16_1919,0,PP16
swell_PP16_1920,0,PP16
swell_PP16_1921,0,PP16
swell_PP16_1922,0,PP16
swell_PP16_1923,0,PP16
swell_PP16_1924,0,PP16
swell_PP16_1925,0,PP16
swell_PP16_1926,0,PP16
swell_PP16_1939,1,PP16
swell_PP16_1940,1,PP16
swell_PP16_1941,1,PP16
swell_PP16_1942,1,PP16
swell_PP16_1943,1,PP16
swell_PP16_1944,1,PP16
swell_PP16_1945,1,PP16
swell_PP16_1946,1,PP16
swell_PP16_1947,1,PP16
swell_PP16_1949,1,PP16
swell_PP16_1950,1,PP16
swell_PP16_1951,1,PP16
swell_PP16_1953,1,PP16
swell_PP16_1956,1,PP16
swell_PP16_1958,1,PP16
swell_PP16_1959,1,PP16
swell_PP16_1960,1,PP16
swell_PP16_1986,2,PP16
swell_PP16_1987,2,PP16
swell_PP16_1988,2,PP16
swell_PP16_1989,2,PP16
swell_PP16_1990,2,PP16
swell_PP16_1996,2,PP16
swell_PP16_1997,2,PP16
swell_PP16_2001,2,PP16
swell_PP16_2002,2,PP16
swell_PP16_2003,2,PP16
swell_PP16_2004,2,PP16
swell_PP16_2006,2,PP16
swell_PP17_2019,0,PP17
swell_PP17_2020,0,PP17
swell_PP17_2021,0,PP17
swell_PP17_2022,0,PP17
swell_PP17_2023,0,PP17
swell_PP17_2024,0,PP17
swell_PP17_2025,0,PP17
swell_PP17_2026,0,PP17
swell_PP17_2027,0,PP17
swell_PP17_2028,0,PP17
swell_PP17_2029,0,PP17
swell_PP17_2030,0,PP17
swell_PP17_2031,0,PP17
swell_PP17_2032,0,PP17
swell_PP17_2033,0,PP17
swell_PP17_2034,0,PP17
swell_PP17_2039,0,PP17
swell_PP17_2040,0,PP17
swell_PP17_2041,0,PP17
swell_PP17_2042,0,PP17
swell_PP17_2043,0,PP17
swell_PP17_2044,0,PP17
swell_PP17_2045,0,PP17
swell_PP17_2046,0,PP17
swell_PP17_2047,0,PP17
swell_PP17_2048,0,PP17
swell_PP17_2049,0,PP17
swell_PP17_2067,2,PP17
swell_PP17_2069,2,PP17
swell_PP17_2070,2,PP17
swell_PP17_2072,2,PP17
swell_PP17_2073,2,PP17
swell_PP17_2074,2,PP17
swell_PP17_2075,2,PP17
swell_PP17_2076,2,PP17
swell_PP17_2077,2,PP17
swell_PP17_2078,2,PP17
swell_PP17_2079,2,PP17
swell_PP17_2080,2,PP17
swell_PP17_2081,2,PP17
swell_PP17_2082,2,PP17
swell_PP17_2083,2,PP17
swell_PP17_2084,2,PP17
swell_PP17_2085,2,PP17
swell_PP17_2100,1,PP17
swell_PP17_2101,1,PP17
swell_PP17_2102,1,PP17
swell_PP17_2103,1,PP17
swell_PP17_2104,1,PP17
swell_PP17_2105,1,PP17
swell_PP17_2106,1,PP17
swell_PP17_2107,1,PP17
swell_PP17_2108,1,PP17
swell_PP17_2109,1,PP17
swell_PP17_2110,1,PP17
swell_PP17_2111,1,PP17
swell_PP17_2112,1,PP17
swell_PP17_2113,1,PP17
swell_PP17_2114,1,PP17
swell_PP17_2115,1,PP17
swell_PP17_2116,1,PP17
swell_PP17_2117,1,PP17
swell_PP17_2118,1,PP17
swell_PP17_2119,1,PP17
swell_PP17_2120,1,PP17
swell_PP17_2121,1,PP17
swell_PP17_2122,1,PP17
swell_PP17_2123,1,PP17
swell_PP17_2124,1,PP17
swell_PP17_2125,1,PP17
swell_PP17_2126,1,PP17
swell_PP17_2127,1,PP17
swell_PP17_2128,1,PP17
swell_PP17_2129,1,PP17
swell_PP17_2130,1,PP17
swell_PP17_2132,1,PP17
swell_PP17_2133,1,PP17
swell_PP17_2134,1,PP17
swell_PP18_2149,0,PP18
swell_PP18_2150,0,PP18
swell_PP18_2151,0,PP18
swell_PP18_2152,0,PP18
swell_PP18_2153,0,PP18
swell_PP18_2154,0,PP18
swell_PP18_2155,0,PP18
swell_PP18_2156,0,PP18
swell_PP18_2157,0,PP18
swell_PP18_2158,0,PP18
swell_PP18_2159,0,PP18
swell_PP18_2160,0,PP18
swell_PP18_2161,0,PP18
swell_PP18_2162,0,PP18
swell_PP18_2163,0,PP18
swell_PP18_2164,0,PP18
swell_PP18_2165,0,PP18
swell_PP18_2166,0,PP18
swell_PP18_2167,0,PP18
swell_PP18_2168,0,PP18
swell_PP18_2169,0,PP18
swell_PP18_2170,0,PP18
swell_PP18_2171,0,PP18
swell_PP18_2172,0,PP18
swell_PP18_2186,1,PP18
swell_PP18_2187,1,PP18
swell_PP18_2188,1,PP18
swell_PP18_2189,1,PP18
swell_PP18_2190,1,PP18
swell_PP18_2191,1,PP18
swell_PP18_2192,1,PP18
swell_PP18_2193,1,PP18
swell_PP18_2194,1,PP18
swell_PP18_2195,1,PP18
swell_PP18_2196,1,PP18
swell_PP18_2197,1,PP18
swell_PP18_2198,1,PP18
swell_PP18_2199,1,PP18
swell_PP18_2200,1,PP18
swell_PP18_2201,1,PP18
swell_PP18_2202,1,PP18
swell_PP18_2204,1,PP18
swell_PP18_2205,1,PP18
swell_PP18_2206,1,PP18
swell_PP18_2207,1,PP18
swell_PP18_2208,1,PP18
swell_PP18_2209,1,PP18
swell_PP18_2210,1,PP18
swell_PP18_2211,1,PP18
swell_PP18_2212,1,PP18
swell_PP18_2213,1,PP18
swell_PP18_2214,1,PP18
swell_PP18_2215,1,PP18
swell_PP18_2216,1,PP18
swell_PP18_2217,1,PP18
swell_PP18_2218,1,PP18
swell_PP18_2219,1,PP18
swell_PP18_2220,1,PP18
swell_PP18_2221,1,PP18
swell_PP18_2234,2,PP18
swell_PP18_2235,2,PP18
swell_PP18_2236,2,PP18
swell_PP18_2237,2,PP18
swell_PP18_2238,2,PP18
swell_PP18_2239,2,PP18
swell_PP18_2240,2,PP18
swell_PP18_2241,2,PP18
swell_PP18_2242,2,PP18
swell_PP18_2243,2,PP18
swell_PP18_2244,2,PP18
swell_PP18_2245,2,PP18
swell_PP18_2246,2,PP18
swell_PP18_2247,2,PP18
swell_PP18_2248,2,PP18
swell_PP18_2249,2,PP18
swell_PP18_2250,2,PP18
swell_PP18_2251,2,PP18
swell_PP18_2252,2,PP18
swell_PP18_2253,2,PP18
swell_PP18_2254,2,PP18
swell_PP19_2267,0,PP19
swell_PP19_2268,0,PP19
swell_PP19_2269,0,PP19
swell_PP19_2270,0,PP19
swell_PP19_2271,0,PP19
swell_PP19_2272,0,PP19
swell_PP19_2274,0,PP19
swell_PP19_2276,0,PP19
swell_PP19_2277,0,PP19
swell_PP19_2278,0,PP19
swell_PP19_2279,0,PP19
swell_PP19_2280,0,PP19
swell_PP19_2281,0,PP19
swell_PP19_2282,0,PP19
swell_PP19_2283,0,PP19
swell_PP19_2285,0,PP19
swell_PP19_2286,0,PP19
swell_PP19_2287,0,PP19
swell_PP19_2288,0,PP19
swell_PP19_2289,0,PP19
swell_PP19_2290,0,PP19
swell_PP19_2293,0,PP19
swell_PP19_2294,0,PP19
swell_PP19_2296,0,PP19
swell_PP19_2297,0,PP19
swell_PP19_2316,1,PP19
swell_PP19_2317,1,PP19
swell_PP19_2318,1,PP19
swell_PP19_2319,1,PP19
swell_PP19_2320,1,PP19
swell_PP19_2321,1,PP19
swell_PP19_2322,1,PP19
swell_PP19_2323,1,PP19
swell_PP19_2324,1,PP19
swell_PP19_2325,1,PP19
swell_PP19_2326,1,PP19
swell_PP19_2327,1,PP19
swell_PP19_2328,1,PP19
swell_PP19_2329,1,PP19
swell_PP19_2330,1,PP19
swell_PP19_2331,1,PP19
swell_PP19_2332,1,PP19
swell_PP19_2333,1,PP19
swell_PP19_2334,1,PP19
swell_PP19_2335,1,PP19
swell_PP19_2336,1,PP19
swell_PP19_2337,1,PP19
swell_PP19_2338,1,PP19
swell_PP19_2339,1,PP19
swell_PP19_2340,1,PP19
swell_PP19_2341,1,PP19
swell_PP19_2342,1,PP19
swell_PP19_2343,1,PP19
swell_PP19_2344,1,PP19
swell_PP19_2345,1,PP19
swell_PP19_2347,1,PP19
swell_PP19_2364,2,PP19
swell_PP19_2365,2,PP19
swell_PP19_2366,2,PP19
swell_PP19_2367,2,PP19
swell_PP19_2368,2,PP19
swell_PP19_2369,2,PP19
swell_PP19_2371,2,PP19
swell_PP19_2372,2,PP19
swell_PP19_2373,2,PP19
swell_PP19_2374,2,PP19
swell_PP19_2375,2,PP19
swell_PP19_2376,2,PP19
swell_PP19_2377,2,PP19
swell_PP19_2378,2,PP19
swell_PP19_2379,2,PP19
swell_PP19_2380,2,PP19
swell_PP19_2381,2,PP19
swell_PP19_2382,2,PP19
swell_PP1_10,0,PP1
swell_PP1_11,0,PP1
swell_PP1_12,0,PP1
swell_PP1_13,0,PP1
swell_PP1_14,0,PP1
swell_PP1_15,0,PP1
swell_PP1_16,0,PP1
swell_PP1_17,0,PP1
swell_PP1_18,0,PP1
swell_PP1_19,0,PP1
swell_PP1_20,0,PP1
swell_PP1_21,0,PP1
swell_PP1_22,0,PP1
swell_PP1_23,0,PP1
swell_PP1_24,0,PP1
swell_PP1_25,0,PP1
swell_PP1_26,0,PP1
swell_PP1_27,0,PP1
swell_PP1_28,0,PP1
swell_PP1_29,0,PP1
swell_PP1_30,0,PP1
swell_PP1_31,0,PP1
swell_PP1_32,0,PP1
swell_PP1_33,0,PP1
swell_PP1_34,0,PP1
swell_PP1_35,0,PP1
swell_PP1_37,0,PP1
swell_PP1_38,0,PP1
swell_PP1_39,0,PP1
swell_PP1_40,0,PP1
swell_PP1_41,0,PP1
swell_PP1_42,0,PP1
swell_PP1_43,0,PP1
swell_PP1_45,0,PP1
swell_PP1_46,0,PP1
swell_PP1_47,0,PP1
swell_PP1_54,2,PP1
swell_PP1_55,2,PP1
swell_PP1_56,2,PP1
swell_PP1_57,2,PP1
swell_PP1_87,1,PP1
swell_PP1_88,1,PP1
swell_PP1_89,1,PP1
swell_PP1_90,1,PP1
swell_PP1_91,1,PP1
swell_PP1_92,1,PP1
swell_PP1_93,1,PP1
swell_PP1_94,1,PP1
swell_PP1_95,1,PP1
swell_PP1_96,1,PP1
swell_PP1_97,1,PP1
swell_PP1_98,1,PP1
swell_PP1_99,1,PP1
swell_PP1_100,1,PP1
swell_PP1_101,1,PP1
swell_PP1_102,1,PP1
swell_PP1_103,1,PP1
swell_PP1_104,1,PP1
swell_PP1_105,1,PP1
swell_PP1_107,1,PP1
swell_PP1_108,1,PP1
swell_PP1_109,1,PP1
swell_PP1_110,1,PP1
swell_PP1_111,1,PP1
swell_PP1_112,1,PP1
swell_PP1_113,1,PP1
swell_PP1_114,1,PP1
swell_PP1_115,1,PP1
swell_PP1_116,1,PP1
swell_PP1_117,1,PP1
swell_PP1_118,1,PP1
swell_PP1_119,1,PP1
swell_PP20_2397,0,PP20
swell_PP20_2398,0,PP20
swell_PP20_2399,0,PP20
swell_PP20_2400,0,PP20
swell_PP20_2401,0,PP20
swell_PP20_2402,0,PP20
swell_PP20_2403,0,PP20
swell_PP20_2404,0,PP20
swell_PP20_2405,0,PP20
swell_PP20_2406,0,PP20
swell_PP20_2407,0,PP20
swell_PP20_2408,0,PP20
swell_PP20_2409,0,PP20
swell_PP20_2410,0,PP20
swell_PP20_2411,0,PP20
swell_PP20_2412,0,PP20
swell_PP20_2413,0,PP20
swell_PP20_2414,0,PP20
swell_PP20_2415,0,PP20
swell_PP20_2416,0,PP20
swell_PP20_2417,0,PP20
swell_PP20_2418,0,PP20
swell_PP20_2419,0,PP20
swell_PP20_2420,0,PP20
swell_PP20_2421,0,PP20
swell_PP20_2422,0,PP20
swell_PP20_2423,0,PP20
swell_PP20_2424,0,PP20
swell_PP20_2425,0,PP20
swell_PP20_2427,0,PP20
swell_PP20_2445,2,PP20
swell_PP20_2446,2,PP20
swell_PP20_2447,2,PP20
swell_PP20_2448,2,PP20
swell_PP20_2449,2,PP20
swell_PP20_2450,2,PP20
swell_PP20_2451,2,PP20
swell_PP20_2452,2,PP20
swell_PP20_2453,2,PP20
swell_PP20_2454,2,PP20
swell_PP20_2455,2,PP20
swell_PP20_2456,2,PP20
swell_PP20_2457,2,PP20
swell_PP20_2458,2,PP20
swell_PP20_2459,2,PP20
swell_PP20_2461,2,PP20
swell_PP20_2462,2,PP20
swell_PP20_2463,2,PP20
swell_PP20_2464,2,PP20
swell_PP20_2465,2,PP20
swell_PP20_2478,1,PP20
swell_PP20_2479,1,PP20
swell_PP20_2480,1,PP20
swell_PP20_2481,1,PP20
swell_PP20_2482,1,PP20
swell_PP20_2488,1,PP20
swell_PP20_2489,1,PP20
swell_PP20_2490,1,PP20
swell_PP20_2491,1,PP20
swell_PP20_2492,1,PP20
swell_PP20_2493,1,PP20
swell_PP20_2494,1,PP20
swell_PP20_2495,1,PP20
swell_PP20_2496,1,PP20
swell_PP20_2497,1,PP20
swell_PP20_2498,1,PP20
swell_PP20_2499,1,PP20
swell_PP20_2500,1,PP20
swell_PP20_2501,1,PP20
swell_PP20_2502,1,PP20
swell_PP20_2503,1,PP20
swell_PP20_2504,1,PP20
swell_PP20_2505,1,PP20
swell_PP20_2506,1,PP20
swell_PP20_2508,1,PP20
swell_PP20_2509,1,PP20
swell_PP20_2510,1,PP20
swell_PP20_2511,1,PP20
swell_PP20_2512,1,PP20
swell_PP21_2526,0,PP21
swell_PP21_2527,0,PP21
swell_PP21_2529,0,PP21
swell_PP21_2530,0,PP21
swell_PP21_2531,0,PP21
swell_PP21_2532,0,PP21
swell_PP21_2533,0,PP21
swell_PP21_2536,0,PP21
swell_PP21_2537,0,PP21
swell_PP21_2538,0,PP21
swell_PP21_2539,0,PP21
swell_PP21_2540,0,PP21
swell_PP21_2542,0,PP21
swell_PP21_2543,0,PP21
swell_PP21_2545,0,PP21
swell_PP21_2546,0,PP21
swell_PP21_2547,0,PP21
swell_PP21_2548,0,PP21
swell_PP21_2549,0,PP21
swell_PP21_2550,0,PP21
swell_PP21_2552,0,PP21
swell_PP21_2553,0,PP21
swell_PP21_2554,0,PP21
swell_PP21_2555,0,PP21
swell_PP21_2575,1,PP21
swell_PP21_2576,1,PP21
swell_PP21_2577,1,PP21
swell_PP21_2582,1,PP21
swell_PP21_2583,1,PP21
swell_PP21_2584,1,PP21
swell_PP21_2585,1,PP21
swell_PP21_2586,1,PP21
swell_PP21_2601,2,PP21
swell_PP21_2602,2,PP21
swell_PP21_2603,2,PP21
swell_PP21_2604,2,PP21
swell_PP21_2605,2,PP21
swell_PP21_2606,2,PP21
swell_PP21_2607,2,PP21
swell_PP21_2608,2,PP21
swell_PP21_2609,2,PP21
swell_PP21_2611,2,PP21
swell_PP21_2613,2,PP21
swell_PP21_2614,2,PP21
swell_PP21_2615,2,PP21
swell_PP21_2616,2,PP21
swell_PP21_2617,2,PP21
swell_PP21_2618,2,PP21
swell_PP22_2632,0,PP22
swell_PP22_2633,0,PP22
swell_PP22_2634,0,PP22
swell_PP22_2635,0,PP22
swell_PP22_2636,0,PP22
swell_PP22_2637,0,PP22
swell_PP22_2638,0,PP22
swell_PP22_2639,0,PP22
swell_PP22_2640,0,PP22
swell_PP22_2641,0,PP22
swell_PP22_2642,0,PP22
swell_PP22_2643,0,PP22
swell_PP22_2644,0,PP22
swell_PP22_2646,0,PP22
swell_PP22_2647,0,PP22
swell_PP22_2648,0,PP22
swell_PP22_2649,0,PP22
swell_PP22_2650,0,PP22
swell_PP22_2651,0,PP22
swell_PP22_2653,0,PP22
swell_PP22_2654,0,PP22
swell_PP22_2655,0,PP22
swell_PP22_2656,0,PP22
swell_PP22_2657,0,PP22
swell_PP22_2658,0,PP22
swell_PP22_2659,0,PP22
swell_PP22_2660,0,PP22
swell_PP22_2661,0,PP22
swell_PP22_2664,0,PP22
swell_PP22_2665,0,PP22
swell_PP22_2666,0,PP22
swell_PP22_2667,0,PP22
swell_PP22_2668,0,PP22
swell_PP22_2669,0,PP22
swell_PP22_2670,0,PP22
swell_PP22_2671,0,PP22
swell_PP22_2672,0,PP22
swell_PP22_2679,2,PP22
swell_PP22_2680,2,PP22
swell_PP22_2681,2,PP22
swell_PP22_2682,2,PP22
swell_PP22_2683,2,PP22
swell_PP22_2685,2,PP22
swell_PP22_2686,2,PP22
swell_PP22_2687,2,PP22
swell_PP22_2688,2,PP22
swell_PP22_2689,2,PP22
swell_PP22_2690,2,PP22
swell_PP22_2691,2,PP22
swell_PP22_2692,2,PP22
swell_PP22_2693,2,PP22
swell_PP22_2694,2,PP22
swell_PP22_2695,2,PP22
swell_PP22_2696,2,PP22
swell_PP22_2697,2,PP22
swell_PP22_2698,2,PP22
swell_PP22_2699,2,PP22
swell_PP22_2700,2,PP22
swell_PP22_2701,2,PP22
swell_PP22_2712,1,PP22
swell_PP22_2713,1,PP22
swell_PP22_2714,1,PP22
swell_PP22_2715,1,PP22
swell_PP22_2716,1,PP22
swell_PP22_2718,1,PP22
swell_PP22_2719,1,PP22
swell_PP22_2720,1,PP22
swell_PP22_2721,1,PP22
swell_PP22_2722,1,PP22
swell_PP22_2723,1,PP22
swell_PP22_2724,1,PP22
swell_PP22_2725,1,PP22
swell_PP22_2726,1,PP22
swell_PP22_2727,1,PP22
swell_PP22_2728,1,PP22
swell_PP22_2729,1,PP22
swell_PP22_2730,1,PP22
swell_PP22_2731,1,PP22
swell_PP22_2732,1,PP22
swell_PP22_2733,1,PP22
swell_PP22_2734,1,PP22
swell_PP22_2736,1,PP22
swell_PP22_2737,1,PP22
swell_PP22_2738,1,PP22
swell_PP22_2739,1,PP22
swell_PP22_2741,1,PP22
swell_PP22_2742,1,PP22
swell_PP22_2743,1,PP22
swell_PP22_2744,1,PP22
swell_PP22_2745,1,PP22
swell_PP22_2747,1,PP22
swell_PP23_2758,0,PP23
swell_PP23_2765,0,PP23
swell_PP23_2766,0,PP23
swell_PP23_2770,0,PP23
swell_PP23_2772,0,PP23
swell_PP23_2773,0,PP23
swell_PP23_2774,0,PP23
swell_PP23_2777,0,PP23
swell_PP23_2778,0,PP23
swell_PP23_2779,0,PP23
swell_PP23_2780,0,PP23
swell_PP23_2781,0,PP23
swell_PP23_2782,0,PP23
swell_PP23_2783,0,PP23
swell_PP23_2785,0,PP23
swell_PP23_2786,0,PP23
swell_PP23_2787,0,PP23
swell_PP23_2788,0,PP23
swell_PP23_2806,1,PP23
swell_PP23_2807,1,PP23
swell_PP23_2808,1,PP23
swell_PP23_2809,1,PP23
swell_PP23_2810,1,PP23
swell_PP23_2811,1,PP23
swell_PP23_2812,1,PP23
swell_PP23_2817,1,PP23
swell_PP23_2818,1,PP23
swell_PP23_2820,1,PP23
swell_PP23_2821,1,PP23
swell_PP23_2822,1,PP23
swell_PP23_2823,1,PP23
swell_PP23_2824,1,PP23
swell_PP23_2825,1,PP23
swell_PP23_2826,1,PP23
swell_PP23_2827,1,PP23
swell_PP23_2828,1,PP23
swell_PP23_2829,1,PP23
swell_PP23_2830,1,PP23
swell_PP23_2831,1,PP23
swell_PP23_2832,1,PP23
swell_PP23_2833,1,PP23
swell_PP23_2834,1,PP23
swell_PP23_2835,1,PP23
swell_PP23_2836,1,PP23
swell_PP23_2837,1,PP23
swell_PP23_2839,1,PP23
swell_PP23_2854,2,PP23
swell_PP23_2855,2,PP23
swell_PP23_2856,2,PP23
swell_PP23_2857,2,PP23
swell_PP23_2858,2,PP23
swell_PP23_2859,2,PP23
swell_PP23_2860,2,PP23
swell_PP23_2861,2,PP23
swell_PP23_2862,2,PP23
swell_PP23_2863,2,PP23
swell_PP23_2864,2,PP23
swell_PP23_2865,2,PP23
swell_PP23_2867,2,PP23
swell_PP23_2868,2,PP23
swell_PP23_2869,2,PP23
swell_PP23_2870,2,PP23
swell_PP23_2871,2,PP23
swell_PP23_2872,2,PP23
swell_PP24_2887,0,PP24
swell_PP24_2888,0,PP24
swell_PP24_2889,0,PP24
swell_PP24_2890,0,PP24
swell_PP24_2892,0,PP24
swell_PP24_2894,0,PP24
swell_PP24_2895,0,PP24
swell_PP24_2896,0,PP24
swell_PP24_2897,0,PP24
swell_PP24_2898,0,PP24
swell_PP24_2899,0,PP24
swell_PP24_2901,0,PP24
swell_PP24_2902,0,PP24
swell_PP24_2903,0,PP24
swell_PP24_2904,0,PP24
swell_PP24_2905,0,PP24
swell_PP24_2906,0,PP24
swell_PP24_2907,0,PP24
swell_PP24_2908,0,PP24
swell_PP24_2909,0,PP24
swell_PP24_2910,0,PP24
swell_PP24_2911,0,PP24
swell_PP24_2912,0,PP24
swell_PP24_2913,0,PP24
swell_PP24_2914,0,PP24
swell_PP24_2915,0,PP24
swell_PP24_2916,0,PP24
swell_PP24_2917,0,PP24
swell_PP24_2918,0,PP24
swell_PP24_2919,0,PP24
swell_PP24_2920,0,PP24
swell_PP24_2921,0,PP24
swell_PP24_2922,0,PP24
swell_PP24_2936,2,PP24
swell_PP24_2937,2,PP24
swell_PP24_2939,2,PP24
swell_PP24_2940,2,PP24
swell_PP24_2941,2,PP24
swell_PP24_2942,2,PP24
swell_PP24_2943,2,PP24
swell_PP24_2944,2,PP24
swell_PP24_2945,2,PP24
swell_PP24_2946,2,PP24
swell_PP24_2947,2,PP24
swell_PP24_2948,2,PP24
swell_PP24_2949,2,PP24
swell_PP24_2950,2,PP24
swell_PP24_2951,2,PP24
swell_PP24_2952,2,PP24
swell_PP24_2953,2,PP24
swell_PP24_2969,1,PP24
swell_PP24_2970,1,PP24
swell_PP24_2971,1,PP24
swell_PP24_2972,1,PP24
swell_PP24_2973,1,PP24
swell_PP24_2975,1,PP24
swell_PP24_2976,1,PP24
swell_PP24_2977,1,PP24
swell_PP24_2978,1,PP24
swell_PP24_2979,1,PP24
swell_PP24_2980,1,PP24
swell_PP24_2981,1,PP24
swell_PP24_2982,1,PP24
swell_PP24_2983,1,PP24
swell_PP24_2984,1,PP24
swell_PP24_2985,1,PP24
swell_PP24_2986,1,PP24
swell_PP24_2987,1,PP24
swell_PP24_2988,1,PP24
swell_PP24_2989,1,PP24
swell_PP24_2990,1,PP24
swell_PP24_2991,1,PP24
swell_PP24_2992,1,PP24
swell_PP24_2993,1,PP24
swell_PP24_2994,1,PP24
swell_PP24_2995,1,PP24
swell_PP24_2996,1,PP24
swell_PP24_2997,1,PP24
swell_PP24_2998,1,PP24
swell_PP24_2999,1,PP24
swell_PP24_3000,1,PP24
swell_PP24_3001,1,PP24
swell_PP24_3002,1,PP24
swell_PP24_3003,1,PP24
swell_PP24_3004,1,PP24
swell_PP24_3005,1,PP24
swell_PP25_3017,0,PP25
swell_PP25_3018,0,PP25
swell_PP25_3019,0,PP25
swell_PP25_3020,0,PP25
swell_PP25_3022,0,PP25
swell_PP25_3023,0,PP25
swell_PP25_3024,0,PP25
swell_PP25_3025,0,PP25
swell_PP25_3026,0,PP25
swell_PP25_3027,0,PP25
swell_PP25_3028,0,PP25
swell_PP25_3029,0,PP25
swell_PP25_3030,0,PP25
swell_PP25_3031,0,PP25
swell_PP25_3032,0,PP25
swell_PP25_3033,0,PP25
swell_PP25_3034,0,PP25
swell_PP25_3035,0,PP25
swell_PP25_3036,0,PP25
swell_PP25_3037,0,PP25
swell_PP25_3038,0,PP25
swell_PP25_3040,0,PP25
swell_PP25_3041,0,PP25
swell_PP25_3044,0,PP25
swell_PP25_3045,0,PP25
swell_PP25_3046,0,PP25
swell_PP25_3047,0,PP25
swell_PP25_3048,0,PP25
swell_PP25_3049,0,PP25
swell_PP25_3051,0,PP25
swell_PP25_3052,0,PP25
swell_PP25_3053,0,PP25
swell_PP25_3054,0,PP25
swell_PP25_3055,0,PP25
swell_PP25_3056,0,PP25
swell_PP25_3058,0,PP25
swell_PP25_3065,1,PP25
swell_PP25_3066,1,PP25
swell_PP25_3067,1,PP25
swell_PP25_3071,1,PP25
swell_PP25_3072,1,PP25
swell_PP25_3073,1,PP25
swell_PP25_3074,1,PP25
swell_PP25_3075,1,PP25
swell_PP25_3076,1,PP25
swell_PP25_3078,1,PP25
swell_PP25_3079,1,PP25
swell_PP25_3080,1,PP25
swell_PP25_3081,1,PP25
swell_PP25_3082,1,PP25
swell_PP25_3083,1,PP25
swell_PP25_3084,1,PP25
swell_PP25_3085,1,PP25
swell_PP25_3086,1,PP25
swell_PP25_3087,1,PP25
swell_PP25_3088,1,PP25
swell_PP25_3089,1,PP25
swell_PP25_3090,1,PP25
swell_PP25_3091,1,PP25
swell_PP25_3092,1,PP25
swell_PP25_3093,1,PP25
swell_PP25_3094,1,PP25
swell_PP25_3095,1,PP25
swell_PP25_3096,1,PP25
swell_PP25_3097,1,PP25
swell_PP25_3098,1,PP25
swell_PP25_3099,1,PP25
swell_PP25_3100,1,PP25
swell_PP25_3101,1,PP25
swell_PP25_3102,1,PP25
swell_PP25_3104,1,PP25
swell_PP25_3105,1,PP25
swell_PP25_3112,2,PP25
swell_PP25_3113,2,PP25
swell_PP25_3114,2,PP25
swell_PP25_3116,2,PP25
swell_PP25_3117,2,PP25
swell_PP25_3118,2,PP25
swell_PP25_3119,2,PP25
swell_PP25_3120,2,PP25
swell_PP25_3121,2,PP25
swell_PP25_3122,2,PP25
swell_PP25_3123,2,PP25
swell_PP25_3124,2,PP25
swell_PP25_3125,2,PP25
swell_PP25_3126,2,PP25
swell_PP25_3127,2,PP25
swell_PP25_3128,2,PP25
swell_PP25_3129,2,PP25
swell_PP25_3130,2,PP25
swell_PP25_3131,2,PP25
swell_PP25_3132,2,PP25
swell_PP25_3133,2,PP25
swell_PP25_3134,2,PP25
swell_PP25_3135,2,PP25
swell_PP25_3136,2,PP25
swell_PP25_3137,2,PP25
swell_PP25_3138,2,PP25
swell_PP2_135,0,PP2
swell_PP2_136,0,PP2
swell_PP2_137,0,PP2
swell_PP2_138,0,PP2
swell_PP2_139,0,PP2
swell_PP2_140,0,PP2
swell_PP2_141,0,PP2
swell_PP2_142,0,PP2
swell_PP2_143,0,PP2
swell_PP2_144,0,PP2
swell_PP2_145,0,PP2
swell_PP2_146,0,PP2
swell_PP2_147,0,PP2
swell_PP2_148,0,PP2
swell_PP2_149,0,PP2
swell_PP2_150,0,PP2
swell_PP2_151,0,PP2
swell_PP2_152,0,PP2
swell_PP2_153,0,PP2
swell_PP2_155,0,PP2
swell_PP2_156,0,PP2
swell_PP2_157,0,PP2
swell_PP2_158,0,PP2
swell_PP2_159,0,PP2
swell_PP2_160,0,PP2
swell_PP2_161,0,PP2
swell_PP2_162,0,PP2
swell_PP2_163,0,PP2
swell_PP2_164,0,PP2
swell_PP2_170,0,PP2
swell_PP2_185,1,PP2
swell_PP2_186,1,PP2
swell_PP2_188,1,PP2
swell_PP2_189,1,PP2
swell_PP2_190,1,PP2
swell_PP2_191,1,PP2
swell_PP2_194,1,PP2
swell_PP2_195,1,PP2
swell_PP2_198,1,PP2
swell_PP2_199,1,PP2
swell_PP2_200,1,PP2
swell_PP2_203,1,PP2
swell_PP2_209,1,PP2
swell_PP2_211,1,PP2
swell_PP2_227,2,PP2
swell_PP2_228,2,PP2
swell_PP2_229,2,PP2
swell_PP2_232,2,PP2
swell_PP2_233,2,PP2
swell_PP2_234,2,PP2
swell_PP2_235,2,PP2
swell_PP2_236,2,PP2
swell_PP2_237,2,PP2
swell_PP2_240,2,PP2
swell_PP3_257,0,PP3
swell_PP3_258,0,PP3
swell_PP3_259,0,PP3
swell_PP3_260,0,PP3
swell_PP3_261,0,PP3
swell_PP3_262,0,PP3
swell_PP3_264,0,PP3
swell_PP3_265,0,PP3
swell_PP3_266,0,PP3
swell_PP3_267,0,PP3
swell_PP3_268,0,PP3
swell_PP3_269,0,PP3
swell_PP3_270,0,PP3
swell_PP3_272,0,PP3
swell_PP3_273,0,PP3
swell_PP3_274,0,PP3
swell_PP3_275,0,PP3
swell_PP3_276,0,PP3
swell_PP3_277,0,PP3
swell_PP3_278,0,PP3
swell_PP3_279,0,PP3
swell_PP3_280,0,PP3
swell_PP3_282,0,PP3
swell_PP3_283,0,PP3
swell_PP3_284,0,PP3
swell_PP3_307,2,PP3
swell_PP3_308,2,PP3
swell_PP3_309,2,PP3
swell_PP3_310,2,PP3
swell_PP3_311,2,PP3
swell_PP3_312,2,PP3
swell_PP3_313,2,PP3
swell_PP3_314,2,PP3
swell_PP3_315,2,PP3
swell_PP3_316,2,PP3
swell_PP3_317,2,PP3
swell_PP3_318,2,PP3
swell_PP3_319,2,PP3
swell_PP3_334,1,PP3
swell_PP3_335,1,PP3
swell_PP3_337,1,PP3
swell_PP3_338,1,PP3
swell_PP3_339,1,PP3
swell_PP3_340,1,PP3
swell_PP3_341,1,PP3
swell_PP3_343,1,PP3
swell_PP3_346,1,PP3
swell_PP3_348,1,PP3
swell_PP3_350,1,PP3
swell_PP3_351,1,PP3
swell_PP3_352,1,PP3
swell_PP3_353,1,PP3
swell_PP3_354,1,PP3
swell_PP3_355,1,PP3
swell_PP3_356,1,PP3
swell_PP3_357,1,PP3
swell_PP3_359,1,PP3
swell_PP3_360,1,PP3
swell_PP3_361,1,PP3
swell_PP3_362,1,PP3
swell_PP3_363,1,PP3
swell_PP3_365,1,PP3
swell_PP3_366,1,PP3
swell_PP3_367,1,PP3
swell_PP4_383,0,PP4
swell_PP4_384,0,PP4
swell_PP4_385,0,PP4
swell_PP4_386,0,PP4
swell_PP4_387,0,PP4
swell_PP4_388,0,PP4
swell_PP4_389,0,PP4
swell_PP4_390,0,PP4
swell_PP4_395,0,PP4
swell_PP4_397,0,PP4
swell_PP4_398,0,PP4
swell_PP4_399,0,PP4
swell_PP4_400,0,PP4
swell_PP4_401,0,PP4
swell_PP4_402,0,PP4
swell_PP4_403,0,PP4
swell_PP4_404,0,PP4
swell_PP4_405,0,PP4
swell_PP4_407,0,PP4
swell_PP4_408,0,PP4
swell_PP4_409,0,PP4
swell_PP4_411,0,PP4
swell_PP4_412,0,PP4
swell_PP4_413,0,PP4
swell_PP4_430,1,PP4
swell_PP4_431,1,PP4
swell_PP4_432,1,PP4
swell_PP4_433,1,PP4
swell_PP4_434,1,PP4
swell_PP4_435,1,PP4
swell_PP4_436,1,PP4
swell_PP4_437,1,PP4
swell_PP4_438,1,PP4
swell_PP4_439,1,PP4
swell_PP4_440,1,PP4
swell_PP4_441,1,PP4
swell_PP4_442,1,PP4
swell_PP4_443,1,PP4
swell_PP4_444,1,PP4
swell_PP4_445,1,PP4
swell_PP4_446,1,PP4
swell_PP4_447,1,PP4
swell_PP4_448,1,PP4
swell_PP4_449,1,PP4
swell_PP4_450,1,PP4
swell_PP4_451,1,PP4
swell_PP4_452,1,PP4
swell_PP4_454,1,PP4
swell_PP4_455,1,PP4
swell_PP4_456,1,PP4
swell_PP4_457,1,PP4
swell_PP4_458,1,PP4
swell_PP4_459,1,PP4
swell_PP4_460,1,PP4
swell_PP4_461,1,PP4
swell_PP4_462,1,PP4
swell_PP4_463,1,PP4
swell_PP4_464,1,PP4
swell_PP4_465,1,PP4
swell_PP4_478,2,PP4
swell_PP4_479,2,PP4
swell_PP4_480,2,PP4
swell_PP4_481,2,PP4
swell_PP4_482,2,PP4
swell_PP4_483,2,PP4
swell_PP4_484,2,PP4
swell_PP4_485,2,PP4
swell_PP4_486,2,PP4
swell_PP4_487,2,PP4
swell_PP4_488,2,PP4
swell_PP4_489,2,PP4
swell_PP4_490,2,PP4
swell_PP4_491,2,PP4
swell_PP4_492,2,PP4
swell_PP4_493,2,PP4
swell_PP4_494,2,PP4
swell_PP5_511,0,PP5
swell_PP5_512,0,PP5
swell_PP5_513,0,PP5
swell_PP5_517,0,PP5
swell_PP5_518,0,PP5
swell_PP5_519,0,PP5
swell_PP5_520,0,PP5
swell_PP5_521,0,PP5
swell_PP5_522,0,PP5
swell_PP5_523,0,PP5
swell_PP5_524,0,PP5
swell_PP5_525,0,PP5
swell_PP5_527,0,PP5
swell_PP5_528,0,PP5
swell_PP5_529,0,PP5
swell_PP5_530,0,PP5
swell_PP5_531,0,PP5
swell_PP5_532,0,PP5
swell_PP5_533,0,PP5
swell_PP5_534,0,PP5
swell_PP5_535,0,PP5
swell_PP5_536,0,PP5
swell_PP5_538,0,PP5
swell_PP5_539,0,PP5
swell_PP5_540,0,PP5
swell_PP5_557,2,PP5
swell_PP5_558,2,PP5
swell_PP5_559,2,PP5
swell_PP5_560,2,PP5
swell_PP5_561,2,PP5
swell_PP5_562,2,PP5
swell_PP5_563,2,PP5
swell_PP5_564,2,PP5
swell_PP5_565,2,PP5
swell_PP5_566,2,PP5
swell_PP5_568,2,PP5
swell_PP5_570,2,PP5
swell_PP5_572,2,PP5
swell_PP5_573,2,PP5
swell_PP5_574,2,PP5
swell_PP5_575,2,PP5
swell_PP5_576,2,PP5
swell_PP5_590,1,PP5
swell_PP5_591,1,PP5
swell_PP5_592,1,PP5
swell_PP5_593,1,PP5
swell_PP5_594,1,PP5
swell_PP5_595,1,PP5
swell_PP5_596,1,PP5
swell_PP5_597,1,PP5
swell_PP5_598,1,PP5
swell_PP5_599,1,PP5
swell_PP5_600,1,PP5
swell_PP5_601,1,PP5
swell_PP5_605,1,PP5
swell_PP5_606,1,PP5
swell_PP5_607,1,PP5
swell_PP5_608,1,PP5
swell_PP5_609,1,PP5
swell_PP5_610,1,PP5
swell_PP5_611,1,PP5
swell_PP5_612,1,PP5
swell_PP5_613,1,PP5
swell_PP5_614,1,PP5
swell_PP5_615,1,PP5
swell_PP5_616,1,PP5
swell_PP5_617,1,PP5
swell_PP5_618,1,PP5
swell_PP5_619,1,PP5
swell_PP5_620,1,PP5
swell_PP5_621,1,PP5
swell_PP5_622,1,PP5
swell_PP6_636,0,PP6
swell_PP6_638,0,PP6
swell_PP6_639,0,PP6
swell_PP6_640,0,PP6
swell_PP6_641,0,PP6
swell_PP6_647,0,PP6
swell_PP6_648,0,PP6
swell_PP6_649,0,PP6
swell_PP6_651,0,PP6
swell_PP6_652,0,PP6
swell_PP6_653,0,PP6
swell_PP6_654,0,PP6
swell_PP6_655,0,PP6
swell_PP6_656,0,PP6
swell_PP6_657,0,PP6
swell_PP6_658,0,PP6
swell_PP6_659,0,PP6
swell_PP6_660,0,PP6
swell_PP6_661,0,PP6
swell_PP6_662,0,PP6
swell_PP6_663,0,PP6
swell_PP6_664,0,PP6
swell_PP6_665,0,PP6
swell_PP6_666,0,PP6
swell_PP6_667,0,PP6
swell_PP6_668,0,PP6
swell_PP6_669,0,PP6
swell_PP6_670,0,PP6
swell_PP6_673,0,PP6
swell_PP6_674,0,PP6
swell_PP6_675,0,PP6
swell_PP6_676,0,PP6
swell_PP6_677,0,PP6
swell_PP6_684,1,PP6
swell_PP6_685,1,PP6
swell_PP6_687,1,PP6
swell_PP6_688,1,PP6
swell_PP6_689,1,PP6
swell_PP6_690,1,PP6
swell_PP6_691,1,PP6
swell_PP6_693,1,PP6
swell_PP6_694,1,PP6
swell_PP6_695,1,PP6
swell_PP6_696,1,PP6
swell_PP6_697,1,PP6
swell_PP6_698,1,PP6
swell_PP6_701,1,PP6
swell_PP6_702,1,PP6
swell_PP6_703,1,PP6
swell_PP6_704,1,PP6
swell_PP6_706,1,PP6
swell_PP6_707,1,PP6
swell_PP6_708,1,PP6
swell_PP6_709,1,PP6
swell_PP6_710,1,PP6
swell_PP6_711,1,PP6
swell_PP6_713,1,PP6
swell_PP6_714,1,PP6
swell_PP6_715,1,PP6
swell_PP6_716,1,PP6
swell_PP6_717,1,PP6
swell_PP6_719,1,PP6
swell_PP6_720,1,PP6
swell_PP6_721,1,PP6
swell_PP6_722,1,PP6
swell_PP6_723,1,PP6
swell_PP6_730,2,PP6
swell_PP6_731,2,PP6
swell_PP6_732,2,PP6
swell_PP6_733,2,PP6
swell_PP6_734,2,PP6
swell_PP6_735,2,PP6
swell_PP6_736,2,PP6
swell_PP6_737,2,PP6
swell_PP6_738,2,PP6
swell_PP6_739,2,PP6
swell_PP6_740,2,PP6
swell_PP6_742,2,PP6
swell_PP6_743,2,PP6
swell_PP6_744,2,PP6
swell_PP6_745,2,PP6
swell_PP6_746,2,PP6
swell_PP6_747,2,PP6
swell_PP6_748,2,PP6
swell_PP6_749,2,PP6
swell_PP6_750,2,PP6
swell_PP6_751,2,PP6
swell_PP6_752,2,PP6
swell_PP6_753,2,PP6
swell_PP6_754,2,PP6
swell_PP6_755,2,PP6
swell_PP7_762,0,PP7
swell_PP7_763,0,PP7
swell_PP7_765,0,PP7
swell_PP7_766,0,PP7
swell_PP7_767,0,PP7
swell_PP7_768,0,PP7
swell_PP7_769,0,PP7
swell_PP7_770,0,PP7
swell_PP7_771,0,PP7
swell_PP7_773,0,PP7
swell_PP7_774,0,PP7
swell_PP7_775,0,PP7
swell_PP7_776,0,PP7
swell_PP7_777,0,PP7
swell_PP7_778,0,PP7
swell_PP7_779,0,PP7
swell_PP7_780,0,PP7
swell_PP7_781,0,PP7
swell_PP7_782,0,PP7
swell_PP7_783,0,PP7
swell_PP7_784,0,PP7
swell_PP7_785,0,PP7
swell_PP7_786,0,PP7
swell_PP7_787,0,PP7
swell_PP7_788,0,PP7
swell_PP7_789,0,PP7
swell_PP7_790,0,PP7
swell_PP7_810,2,PP7
swell_PP7_811,2,PP7
swell_PP7_812,2,PP7
swell_PP7_813,2,PP7
swell_PP7_814,2,PP7
swell_PP7_815,2,PP7
swell_PP7_816,2,PP7
swell_PP7_817,2,PP7
swell_PP7_818,2,PP7
swell_PP7_819,2,PP7
swell_PP7_820,2,PP7
swell_PP7_821,2,PP7
swell_PP7_822,2,PP7
swell_PP7_823,2,PP7
swell_PP7_824,2,PP7
swell_PP7_825,2,PP7
swell_PP7_826,2,PP7
swell_PP7_827,2,PP7
swell_PP7_828,2,PP7
swell_PP7_829,2,PP7
swell_PP7_830,2,PP7
swell_PP8_892,0,PP8
swell_PP8_893,0,PP8
swell_PP8_894,0,PP8
swell_PP8_895,0,PP8
swell_PP8_897,0,PP8
swell_PP8_898,0,PP8
swell_PP8_899,0,PP8
swell_PP8_900,0,PP8
swell_PP8_901,0,PP8
swell_PP8_904,0,PP8
swell_PP8_905,0,PP8
swell_PP8_907,0,PP8
swell_PP8_908,0,PP8
swell_PP8_912,0,PP8
swell_PP8_914,0,PP8
swell_PP8_915,0,PP8
swell_PP8_916,0,PP8
swell_PP8_918,0,PP8
swell_PP8_919,0,PP8
swell_PP8_922,0,PP8
swell_PP8_937,1,PP8
swell_PP8_938,1,PP8
swell_PP8_941,1,PP8
swell_PP8_943,1,PP8
swell_PP8_944,1,PP8
swell_PP8_946,1,PP8
swell_PP8_947,1,PP8
swell_PP8_949,1,PP8
swell_PP8_950,1,PP8
swell_PP8_953,1,PP8
swell_PP8_954,1,PP8
swell_PP8_956,1,PP8
swell_PP8_958,1,PP8
swell_PP8_959,1,PP8
swell_PP8_960,1,PP8
swell_PP8_961,1,PP8
swell_PP8_978,2,PP8
swell_PP8_980,2,PP8
swell_PP8_982,2,PP8
swell_PP8_984,2,PP8
swell_PP8_985,2,PP8
swell_PP8_986,2,PP8
swell_PP8_988,2,PP8
swell_PP8_989,2,PP8
swell_PP8_990,2,PP8
swell_PP8_991,2,PP8
swell_PP8_992,2,PP8
swell_PP8_993,2,PP8
swell_PP8_994,2,PP8
swell_PP9_1008,0,PP9
swell_PP9_1010,0,PP9
swell_PP9_1011,0,PP9
swell_PP9_1012,0,PP9
swell_PP9_1013,0,PP9
swell_PP9_1014,0,PP9
swell_PP9_1015,0,PP9
swell_PP9_1016,0,PP9
swell_PP9_1017,0,PP9
swell_PP9_1018,0,PP9
swell_PP9_1019,0,PP9
swell_PP9_1020,0,PP9
swell_PP9_1022,0,PP9
swell_PP9_1023,0,PP9
swell_PP9_1024,0,PP9
swell_PP9_1025,0,PP9
swell_PP9_1026,0,PP9
swell_PP9_1027,0,PP9
swell_PP9_1028,0,PP9
swell_PP9_1029,0,PP9
swell_PP9_1030,0,PP9
swell_PP9_1031,0,PP9
swell_PP9_1032,0,PP9
swell_PP9_1033,0,PP9
swell_PP9_1034,0,PP9
swell_PP9_1035,0,PP9
swell_PP9_1036,0,PP9
swell_PP9_1037,0,PP9
swell_PP9_1038,0,PP9
swell_PP9_1039,0,PP9
swell_PP9_1040,0,PP9
swell_PP9_1041,0,PP9
swell_PP9_1042,0,PP9
swell_PP9_1043,0,PP9
swell_PP9_1044,0,PP9
swell_PP9_1045,0,PP9
swell_PP9_1052,2,PP9
swell_PP9_1053,2,PP9
swell_PP9_1054,2,PP9
swell_PP9_1055,2,PP9
swell_PP9_1056,2,PP9
swell_PP9_1057,2,PP9
swell_PP9_1058,2,PP9
swell_PP9_1059,2,PP9
swell_PP9_1060,2,PP9
swell_PP9_1061,2,PP9
swell_PP9_1062,2,PP9
swell_PP9_1063,2,PP9
swell_PP9_1064,2,PP9
swell_PP9_1065,2,PP9
swell_PP9_1066,2,PP9
swell_PP9_1067,2,PP9
swell_PP9_1068,2,PP9
swell_PP9_1069,2,PP9
swell_PP9_1070,2,PP9
swell_PP9_1071,2,PP9
swell_PP9_1072,2,PP9
swell_PP9_1073,2,PP9
swell_PP9_1074,2,PP9
swell_PP9_1075,2,PP9
swell_PP9_1076,2,PP9
swell_PP9_1077,2,PP9
swell_PP9_1078,2,PP9
swell_PP9_1085,1,PP9
swell_PP9_1086,1,PP9
swell_PP9_1087,1,PP9
swell_PP9_1088,1,PP9
swell_PP9_1089,1,PP9
swell_PP9_1090,1,PP9
swell_PP9_1091,1,PP9
swell_PP9_1092,1,PP9
swell_PP9_1093,1,PP9
swell_PP9_1094,1,PP9
swell_PP9_1095,1,PP9
swell_PP9_1096,1,PP9
swell_PP9_1097,1,PP9
swell_PP9_1099,1,PP9
swell_PP9_1100,1,PP9
swell_PP9_1101,1,PP9
swell_PP9_1102,1,PP9
swell_PP9_1103,1,PP9
swell_PP9_1104,1,PP9
swell_PP9_1105,1,PP9
swell_PP9_1106,1,PP9
swell_PP9_1107,1,PP9
swell_PP9_1108,1,PP9
swell_PP9_1109,1,PP9
swell_PP9_1110,1,PP9
swell_PP9_1111,1,PP9
swell_PP9_1112,1,PP9
swell_PP9_1113,1,PP9
swell_PP9_1114,1,PP9
swell_PP9_1115,1,PP9
swell_PP9_1116,1,PP9
swell_PP9_1117,1,PP9
swell_PP9_1118,1,PP9
swell_PP9_1119,1,PP9
swell_PP9_1120,1,PP9
swell_PP9_1121,1,PP9
swell_PP9_1122,1,PP9
swell_PP9_1123,1,PP9
kaggle_0,0,kaggle_user1
kaggle_1,0,kaggle_user1
kaggle_2,1,kaggle_user1
kaggle_3,0,kaggle_user1
kaggle_4,2,kaggle_user1
kaggle_5,2,kaggle_user1
kaggle_6,2,kaggle_user1
kaggle_7,0,kaggle_user1
kaggle_8,0,kaggle_user1
kaggle_9,2,kaggle_user1
kaggle_10,1,kaggle_user1
kaggle_11,0,kaggle_user1
kaggle_12,2,kaggle_user1
kaggle_13,2,kaggle_user1
kaggle_14,0,kaggle_user1
kaggle_15,2,kaggle_user1
kaggle_17,0,kaggle_user1
kaggle_18,0,kaggle_user1
kaggle_19,0,kaggle_user1
kaggle_20,0,kaggle_user1
kaggle_21,2,kaggle_user1
kaggle_22,1,kaggle_user1
kaggle_23,0,kaggle_user1
kaggle_24,1,kaggle_user1
kaggle_25,1,kaggle_user1
kaggle_26,2,kaggle_user1
kaggle_27,0,kaggle_user2
kaggle_28,1,kaggle_user2
kaggle_29,1,kaggle_user2
kaggle_30,1,kaggle_user2
kaggle_31,1,kaggle_user2
kaggle_32,1,kaggle_user2
kaggle_33,1,kaggle_user2
kaggle_34,0,kaggle_user2
kaggle_35,0,kaggle_user2
kaggle_36,0,kaggle_user2
kaggle_37,0,kaggle_user2
kaggle_39,0,kaggle_user2
kaggle_41,1,kaggle_user2
kaggle_42,1,kaggle_user2
kaggle_43,1,kaggle_user2
kaggle_44,1,kaggle_user2
kaggle_45,0,kaggle_user2
kaggle_46,1,kaggle_user2
kaggle_47,1,kaggle_user2
kaggle_48,2,kaggle_user2
kaggle_50,0,kaggle_user2
kaggle_51,1,kaggle_user2
kaggle_52,1,kaggle_user2
kaggle_53,1,kaggle_user2
kaggle_54,1,kaggle_user2
kaggle_55,2,kaggle_user2
kaggle_56,0,kaggle_user2
kaggle_57,1,kaggle_user2
kaggle_58,1,kaggle_user2
kaggle_59,1,kaggle_user2
kaggle_60,1,kaggle_user2
kaggle_62,0,kaggle_user2
kaggle_63,0,kaggle_user2
kaggle_64,0,kaggle_user2
kaggle_65,1,kaggle_user2
kaggle_66,0,kaggle_user2
kaggle_67,0,kaggle_user2
kaggle_69,0,kaggle_user2
kaggle_70,1,kaggle_user2
kaggle_71,1,kaggle_user2
kaggle_72,2,kaggle_user2
kaggle_73,2,kaggle_user2
kaggle_74,2,kaggle_user2
kaggle_75,2,kaggle_user2
kaggle_76,1,kaggle_user2
kaggle_77,2,kaggle_user2
kaggle_78,1,kaggle_user2
kaggle_79,1,kaggle_user2
kaggle_80,1,kaggle_user2
kaggle_81,0,kaggle_user2
kaggle_82,1,kaggle_user2
kaggle_83,1,kaggle_user2
kaggle_84,1,kaggle_user2
kaggle_85,1,kaggle_user2
