hold_time_mean,hold_time_std,hold_time_median,flight_time_mean,flight_time_std,typing_speed_wpm,error_rate,pause_frequency,pause_duration_mean,burst_length_mean,rhythm_entropy,mouse_speed_mean,mouse_speed_std,direction_change_rate,click_count,rage_click_count,scroll_velocity_std,tab_switch_freq,switch_entropy,session_fragmentation,hour_of_day,day_of_week,session_duration_min,label,user_id,window_start,source_type,label_origin
104458.02638569816,1147387.6113846223,135.63597202301025,6364.26541430891,22882.420442899616,48.8,0.16393442622950818,26.0,28492.55218872657,4.518518518518518,3.005393783153596,132.76139606400645,56.49699847067545,10.0,260.0,17.0,345.0,78.0,0.0,0.0,11.0,4.0,30,0,kaggle_user1,2021-09-10T11:48:49.599397,real,self_report
104458.02638569816,1147387.6113846223,135.63597202301025,6364.26541430891,22882.420442899616,48.8,0.16393442622950818,26.0,28492.55218872657,4.518518518518518,3.005393783153596,133.34704237406984,55.26335873208676,10.0,262.0,17.0,345.0,78.0,0.0,0.0,11.0,4.0,30,0,kaggle_user1,2021-09-10T11:50:18.375074,real,self_report
133.31132378508178,111.21416213913449,126.68108940124512,1756.572373941833,17720.568605177825,245.2,0.0734094616639478,25.0,37645.228033065796,23.576923076923077,2.332461106999766,113.45494255827344,61.65039643156685,5.0,370.0,94.0,753.0,32.0,0.0,0.0,12.0,4.0,30,1,kaggle_user1,2021-09-10T12:41:42.248174,real,self_report
6242.497186783033,87968.92306034098,130.65147399902344,3548.1250004167728,26037.163059417213,156.0,0.04358974358974359,29.0,44868.70031521238,13.0,2.3679476980448793,114.07475342383279,74.06826616653508,0.0,217.0,9.0,854.0,34.0,0.0,0.0,13.0,4.0,30,0,kaggle_user1,2021-09-10T13:12:00.550791,real,self_report
13707.748592064981,177965.75631453926,140.6240463256836,3436.8116193347505,17676.381829710175,144.4,0.04709141274238227,74.0,15618.392219414582,4.8133333333333335,3.391088595717161,166.29057059572386,76.82532657231155,0.0,490.0,35.0,845.0,43.0,0.0,0.0,13.0,4.0,30,2,kaggle_user1,2021-09-10T13:42:10.866776,real,self_report
4186.841222840518,80103.22875184765,128.65591049194336,3632.1024554983046,32600.521929186518,157.6,0.06852791878172589,32.0,42072.81023263931,11.93939393939394,2.484686012907317,81.26884820850272,47.23996538821001,0.0,131.0,3.0,927.0,14.0,0.0,0.0,14.0,4.0,30,2,kaggle_user1,2021-09-10T14:12:53.702518,real,self_report
31827.44698996072,270490.196779175,155.58350086212158,9651.944072207034,44393.40265691922,72.8,0.016483516483516484,43.0,39583.348751068115,4.136363636363637,3.2395465953247493,119.27919937650529,67.33285516746624,0.0,324.0,13.0,960.0,40.0,0.0,0.0,16.0,4.0,30,2,kaggle_user1,2021-09-10T16:05:29.427681,real,self_report
145.63209595887557,124.96678796411746,126.6624927520752,16999.577186919832,85169.90822901187,36.8,0.021739130434782608,11.0,138641.82528582486,7.666666666666667,2.7165080074057273,86.78514733531023,65.83563472278253,1.0,111.0,2.0,262.0,14.0,0.0,0.0,16.0,4.0,30,0,kaggle_user1,2021-09-10T16:40:55.128698,real,self_report
316.1883306975412,382.47259277542963,160.57085990905762,13406.460208892822,50461.924170104605,40.4,0.019801980198019802,33.0,40038.21602734653,2.9705882352941178,2.98043009387019,167.14011575413116,60.57261566264337,0.0,403.0,9.0,1125.0,80.0,0.0,0.0,18.0,4.0,30,0,kaggle_user1,2021-09-10T18:27:03.300121,real,self_report
121.10846383231026,30.299185305121892,126.17993354797363,3001.7838408981543,22330.887164955184,28.0,0.04285714285714286,3.0,64300.70193608602,17.5,2.0816258617639654,120.7937328098217,68.82837193635581,0.0,167.0,3.0,380.0,65.0,0.0,0.0,10.0,0.0,30,2,kaggle_user1,2021-09-13T10:51:29.227572,real,self_report
326.54997375276355,516.2934226462597,153.5879373550415,18032.72622403964,64474.845122490275,28.8,0.09722222222222222,24.0,52542.96187559763,2.88,3.63641574133381,120.652115516271,59.46966608382456,0.0,296.0,4.0,1554.0,68.0,0.0,0.0,11.0,0.0,30,1,kaggle_user1,2021-09-13T11:30:28.373148,real,self_report
15165.958286734189,183119.5839201821,144.61302757263184,9497.872472514768,53506.33757315047,68.0,0.13529411764705881,29.0,53963.858094708674,5.666666666666667,3.094226519375475,123.31707177521056,63.384404310102894,0.0,372.0,20.0,1103.0,46.0,0.0,0.0,12.0,0.0,30,0,kaggle_user1,2021-09-13T12:00:38.189376,real,self_report
7217.835289615017,75241.58017212218,153.58901023864746,11758.695951649841,51696.24363686735,57.2,0.06993006993006994,35.0,46868.74748638698,3.9722222222222223,2.795976605057895,96.16202492448774,65.24073321781509,0.0,254.0,14.0,211.0,23.0,0.0,0.0,12.0,0.0,30,2,kaggle_user1,2021-09-13T12:30:49.308191,real,self_report
20052.342070075203,253772.29320551822,145.61009407043457,3992.418545574399,24164.139767719418,159.6,0.09273182957393483,74.0,20146.38424241865,5.32,3.3116980390619206,124.43132985671949,61.78186603142555,2.0,395.0,23.0,937.0,34.0,0.0,0.0,13.0,0.0,30,2,kaggle_user1,2021-09-13T13:01:26.134198,real,self_report
10568.680147866946,126265.73733246773,133.6454153060913,1354.9704486820974,7201.223356966492,59.2,0.08783783783783784,7.0,23427.13509287153,18.5,2.5387150654151522,84.0523093930905,65.51173219492765,0.0,119.0,3.0,382.0,20.0,0.0,0.0,13.0,0.0,30,0,kaggle_user1,2021-09-13T13:31:44.525100,real,self_report
1067.938306969656,15743.52572092711,148.59986305236816,4129.811124613056,22228.823101746984,142.0,0.0676056338028169,80.0,17295.19073367119,4.382716049382716,3.1925812213283513,130.39699056614364,83.75102746314631,1.0,347.0,25.0,424.0,21.0,0.0,0.0,14.0,0.0,30,2,kaggle_user1,2021-09-13T14:32:09.503601,real,self_report
106.71544075012207,12.964487075805664,106.71544075012207,808.8350296020508,0.0,0.8,0.0,0.0,0.0,2.0,-0.0,57.37736193284778,41.36826917665139,0.0,67.0,2.0,33.0,9.0,0.0,0.0,10.0,1.0,30,0,kaggle_user1,2021-09-14T10:22:31.366183,real,self_report
384.86938296514364,6026.323705921461,127.65789031982422,2062.7771304874886,23853.948014876984,328.4,0.0779537149817296,36.0,41961.922652191584,22.18918918918919,2.413431490777055,66.50174261021412,55.34226426781831,12.0,115.0,0.0,23.0,40.0,0.0,0.0,10.0,1.0,30,0,kaggle_user1,2021-09-14T10:52:57.898408,real,self_report
6716.19581050343,138056.31344991154,127.15959548950195,1458.3332596054997,10532.364678419368,432.0,0.08518518518518518,99.0,13569.756963036278,10.8,2.697114864450653,126.3257975269208,63.8478498874471,1.0,372.0,18.0,501.0,31.0,0.0,0.0,11.0,1.0,30,0,kaggle_user1,2021-09-14T11:33:10.757580,real,self_report
12591.827967204154,172317.56081190263,140.12551307678223,5404.425557454427,18485.691615072028,102.4,0.12109375,81.0,16297.542439566718,3.1219512195121952,3.6897228534943878,158.68038101848725,77.78019170165511,14.0,445.0,26.0,1180.0,41.0,0.0,0.0,12.0,1.0,30,0,kaggle_user1,2021-09-14T12:03:26.145007,real,self_report
94080.84706221212,1081167.1090866665,129.6520233154297,8131.152387415425,36859.19267688744,71.6,0.17318435754189945,49.0,28580.86903241216,3.58,3.7450473428406683,78.29965814212329,51.022113324752326,16.0,159.0,4.0,1228.0,40.0,0.0,0.0,13.0,1.0,30,0,kaggle_user1,2021-09-14T13:06:22.461270,real,self_report
2975.71346259202,46857.74285935792,132.6439380645752,6145.289653539658,31986.045578613324,112.4,0.1423487544483986,60.0,27541.648868719738,4.60655737704918,3.439925504977244,105.88701096056556,56.118169080005096,22.0,210.0,15.0,592.0,49.0,0.0,0.0,14.0,1.0,30,2,kaggle_user1,2021-09-14T14:06:45.013056,real,self_report
41604.26414379707,444377.9718543364,142.12000370025635,3791.470178337984,14634.126768419646,52.0,0.09230769230769231,37.0,12412.095392072522,3.4210526315789473,3.672898402392734,94.61954692792625,60.5891010835433,10.0,177.0,19.0,361.0,30.0,0.0,0.0,14.0,1.0,30,1,kaggle_user1,2021-09-14T14:36:51.961865,real,self_report
7816.641141603022,132718.23343780724,125.16510486602783,5272.518257607617,39183.53833763677,129.6,0.08333333333333333,50.0,32401.368398666382,6.352941176470588,3.3098368993470433,87.38165723075566,65.09207698182401,39.0,164.0,9.0,811.0,43.0,0.0,0.0,16.0,1.0,30,0,kaggle_user1,2021-09-14T16:45:53.393594,real,self_report
3107.925197178732,59352.77552771194,123.66890907287598,2106.2332854854117,14508.937034092014,334.0,0.07904191616766468,85.0,18458.41160662034,9.709302325581396,2.7929658063908684,92.80834288746897,63.31387928356477,12.0,222.0,6.0,960.0,39.0,0.0,0.0,17.0,1.0,30,1,kaggle_user1,2021-09-14T17:16:03.494435,real,self_report
1840.8150001031465,49165.156016492,122.67088890075684,1944.309655825297,14405.175745434319,336.4,0.07491082045184304,56.0,25858.119802815574,14.75438596491228,2.4689031753328896,109.09711955108948,63.327233883322485,6.0,252.0,3.0,946.0,57.0,0.0,0.0,17.0,1.0,30,1,kaggle_user1,2021-09-14T17:46:10.586566,real,self_report
3442.4209950575187,47605.62964876863,133.64195823669434,5267.321924963398,29627.817607822213,134.0,0.04477611940298507,49.0,34418.36923482467,6.7,2.9688029288494335,133.19597541605464,61.133519374556464,1.0,260.0,9.0,1328.0,75.0,0.0,0.0,18.0,1.0,30,2,kaggle_user1,2021-09-14T18:16:29.749698,real,self_report
443.76536330791436,636.9912704196977,161.12303733825684,6779.994295567883,22807.940292547977,39.6,0.010101010101010102,29.0,21769.400481520028,3.3,3.836327571888579,210.25661409328825,69.07893176337126,6.0,212.0,25.0,98.0,39.0,0.0,0.0,9.0,1.0,30,0,kaggle_user2,2021-09-07T09:19:19.193612,real,self_report
352.96774321588975,341.1073469497069,181.14304542541504,29046.857051682055,206933.61228778676,23.2,0.017241379310344827,25.0,65699.95374679565,2.230769230769231,4.456017770914993,239.33646187055996,222.87161204627438,1.0,165.0,2.0,67.0,65.0,0.0,0.0,9.0,1.0,30,1,kaggle_user2,2021-09-07T09:50:42.061682,real,self_report
1942.4635367607002,5854.945088693571,223.6161231994629,14197.52868016561,34712.12252358506,26.8,0.0,36.0,25631.80516825782,1.8108108108108107,3.9636108755926314,268.35842011967185,97.27852251129697,0.0,303.0,27.0,333.0,101.0,0.0,0.0,10.0,1.0,30,1,kaggle_user2,2021-09-07T10:21:17.663853,real,self_report
13786.790894503569,189375.79095445923,128.91101837158203,8003.8704848048665,41542.129401817954,79.6,0.04522613065326633,46.0,33209.56680567368,4.23404255319149,3.45675906003407,238.55662330079164,124.06143530636307,1.0,319.0,19.0,118.0,91.0,0.0,0.0,10.0,1.0,30,1,kaggle_user2,2021-09-07T10:51:48.765706,real,self_report
424.36259088952556,562.5571806306524,176.74899101257324,7010.231454121439,33732.94413632204,61.2,0.1111111111111111,60.0,17057.295155525208,2.5081967213114753,4.2580340759162,222.84398975871176,120.4445396966623,5.0,305.0,16.0,277.0,73.0,0.0,0.0,11.0,1.0,30,1,kaggle_user2,2021-09-07T11:22:11.060236,real,self_report
243.18595560724864,370.5140188570505,119.16136741638184,4866.137561855374,15789.28960365781,133.6,0.12874251497005987,90.0,17145.943262841967,3.67032967032967,3.5835176539167404,260.00737201604545,92.85132644291504,5.0,293.0,7.0,930.0,115.0,0.0,0.0,11.0,1.0,30,1,kaggle_user2,2021-09-07T11:52:39.605662,real,self_report
545.9413566286602,1427.5350343756395,171.86307907104492,28834.74067718752,155904.8939067023,25.2,0.0,31.0,57208.63483798119,1.96875,4.047661460266555,103.90517208100167,82.37452456693276,9.0,84.0,4.0,249.0,66.0,0.0,0.0,12.0,1.0,30,1,kaggle_user2,2021-09-07T12:38:37.398061,real,self_report
467.99906202264737,722.5011367158902,171.6749668121338,18867.224696564346,61067.849608540266,29.6,0.02702702702702703,27.0,50334.260022198716,2.642857142857143,3.5600607893439564,146.86876920715412,98.50482812567725,3.0,88.0,1.0,563.0,101.0,0.0,0.0,13.0,1.0,30,0,kaggle_user2,2021-09-07T13:09:12.773623,real,self_report
7818.9471099550365,94329.85505539915,96.23908996582031,11474.946233431498,74131.8850500478,60.4,0.019867549668874173,30.0,56117.930261294045,4.870967741935484,2.8930501711311543,98.14111381220465,87.76482813136658,107.0,104.0,4.0,333.0,1.0,0.0,0.0,13.0,1.0,30,0,kaggle_user2,2021-09-07T13:39:42.694190,real,self_report
434.76266127366284,2235.4253621658618,118.46804618835449,5209.134671999061,16986.2790637076,83.2,0.04807692307692308,63.0,16358.751781403073,3.25,3.3596413288479248,186.0617586403728,124.71563865821504,15.0,141.0,10.0,145.0,125.0,0.0,0.0,15.0,1.0,30,0,kaggle_user2,2021-09-07T15:10:46.545479,real,self_report
208.68370268079968,248.04215778281414,114.25185203552246,1253.9011606803308,3317.0699303120305,10.8,0.037037037037037035,6.0,4266.163349151611,3.857142857142857,3.173660689688185,89.21167123381753,64.08334584764694,0.0,68.0,3.0,286.0,20.0,0.0,0.0,18.0,1.0,30,0,kaggle_user2,2021-09-07T18:14:56.007004,real,self_report
0.0,0.0,0.0,0.0,0.0,0.0,0.0,0.0,0.0,0.0,0.0,125.00559410008323,57.293664385858044,0.0,25.0,0.0,33.0,3.0,0.0,0.0,18.0,1.0,30,0,kaggle_user2,2021-09-07T18:45:17.001905,real,self_report
187.3276631037394,211.48848172901907,120.59545516967773,9045.37899740811,37016.436305598814,12.0,0.03333333333333333,8.0,31791.144251823425,3.3333333333333335,3.1173143543437782,131.31684269681432,97.84340819120848,0.0,46.0,0.0,119.0,15.0,0.0,0.0,7.0,2.0,30,0,kaggle_user2,2021-09-08T07:51:01.607957,real,self_report
0.0,0.0,0.0,0.0,0.0,0.0,0.0,0.0,0.0,0.0,0.0,54.37136674759156,47.62357273882386,0.0,33.0,0.0,243.0,29.0,0.0,0.0,8.0,2.0,30,1,kaggle_user2,2021-09-08T08:21:24.384434,real,self_report
180.79200983047485,220.9945428571549,115.7374382019043,5928.8851774039385,21332.323129877448,48.0,0.10833333333333334,44.0,15472.896375439384,2.6666666666666665,4.072859638799928,137.60129484525905,126.56007535679016,6.0,119.0,1.0,132.0,41.0,0.0,0.0,8.0,2.0,30,1,kaggle_user2,2021-09-08T08:51:42.507459,real,self_report
149.91278233735457,244.65008037354903,88.8819694519043,408.40618176893753,329.70068564487354,9.2,0.2608695652173913,2.0,1247.5905418395996,7.666666666666667,2.588465279604108,153.67471409380528,114.35196342992141,0.0,67.0,0.0,600.0,22.0,0.0,0.0,10.0,2.0,30,1,kaggle_user2,2021-09-08T10:04:28.574265,real,self_report
394.7249677251367,631.5094189270718,162.6194715499878,5362.68424723861,24782.212722090768,108.8,0.07720588235294118,106.0,13095.55190689159,2.542056074766355,4.195577719893159,225.59911268343373,132.95407402573963,29.0,261.0,19.0,223.0,78.0,0.0,0.0,10.0,2.0,30,1,kaggle_user2,2021-09-08T10:34:59.270260,real,self_report
2773.887894370339,39752.28062517839,119.14896965026855,5136.67214673663,27031.022155316918,101.2,0.15019762845849802,89.0,13857.805053839524,2.811111111111111,4.2135157747492,136.95863643224254,106.54088780593152,37.0,150.0,18.0,331.0,26.0,0.0,0.0,13.0,2.0,30,1,kaggle_user2,2021-09-08T13:43:25.465245,real,self_report
374.6195165734542,593.5384271058031,164.03400897979736,5117.346656385553,27456.076911698794,76.0,0.13157894736842105,66.0,13807.774811080008,2.8358208955223883,4.063372293672122,142.27720078270477,95.45184890187251,72.0,79.0,3.0,247.0,41.0,0.0,0.0,15.0,2.0,30,0,kaggle_user2,2021-09-08T15:04:19.014925,real,self_report
361.45458380940937,552.6001253358637,153.82051467895508,3073.7479208217937,11853.834560539259,227.2,0.08450704225352113,185.0,8579.324437476493,3.053763440860215,4.199716913706252,167.22992275714455,117.29198907244759,106.0,205.0,11.0,314.0,192.0,0.0,0.0,15.0,2.0,30,1,kaggle_user2,2021-09-08T15:34:47.734764,real,self_report
255.49146466516336,528.6041990445755,125.00500679016113,3613.592743873596,17929.264029560283,197.2,0.11967545638945233,131.0,12516.817724431745,3.734848484848485,3.934589000780637,173.38557058362002,84.22875188172219,40.0,208.0,23.0,397.0,113.0,0.0,0.0,16.0,2.0,30,1,kaggle_user2,2021-09-08T16:05:02.303620,real,self_report
457.92064743657266,586.2932842584775,203.11343669891357,9112.317918761959,24425.8377516199,49.6,0.07258064516129033,52.0,21036.278156133798,2.339622641509434,3.6849005434702415,183.96740102286944,90.57294253932125,0.0,164.0,8.0,289.0,115.0,0.0,0.0,16.0,2.0,30,2,kaggle_user2,2021-09-08T16:35:16.224527,real,self_report
0.0,0.0,0.0,0.0,0.0,0.0,0.0,0.0,0.0,0.0,0.0,164.6509926783621,124.1024709838319,0.0,49.0,0.0,414.0,26.0,0.0,0.0,8.0,3.0,30,0,kaggle_user2,2021-09-09T08:35:53.248790,real,self_report
122.64597966120793,149.11981755257412,94.72203254699707,1094.7785153985023,4070.906398426392,26.0,0.06153846153846154,10.0,5265.682315826416,5.909090909090909,3.0643306657507496,56.5465075423157,63.97596059049518,12.0,20.0,0.0,86.0,8.0,0.0,0.0,9.0,3.0,30,0,kaggle_user2,2021-09-09T09:06:04.098173,real,self_report
118.54265530904134,50.11664728755907,116.20402336120605,496.9686440059117,465.53416808882656,6.0,0.06666666666666667,2.0,1505.7624578475952,5.0,2.406666316740689,118.87775872094123,118.82228664889601,2.0,50.0,1.0,366.0,2.0,0.0,0.0,9.0,3.0,30,1,kaggle_user2,2021-09-09T09:42:29.832442,real,self_report
133.3022597273426,272.40833638435333,100.57711601257324,3802.190350495743,35594.36000806384,135.2,0.05029585798816568,37.0,31964.03746991544,8.894736842105264,3.078153299664099,236.4493584520633,165.8522483049242,4.0,322.0,34.0,838.0,40.0,0.0,0.0,10.0,3.0,30,1,kaggle_user2,2021-09-09T10:12:43.585933,real,self_report
120.67350186407566,157.40330207907812,95.20590305328369,5450.748353492557,26371.82893573317,51.2,0.046875,25.0,26390.392379760742,4.923076923076923,3.135168193264189,166.70662092248685,116.8519265520817,0.0,234.0,32.0,284.0,29.0,0.0,0.0,10.0,3.0,30,1,kaggle_user2,2021-09-09T10:43:18.375071,real,self_report
601.1632371831823,864.4126971257976,181.6270351409912,26238.684379137478,56422.21126543633,10.8,0.07407407407407407,14.0,48460.26345661708,1.8,2.6084585933443494,186.25757450671134,145.78709566890788,0.0,117.0,2.0,689.0,73.0,0.0,0.0,11.0,3.0,30,1,kaggle_user2,2021-09-09T11:37:20.787660,real,self_report
1415.9126170138095,16227.596610866773,177.72197723388672,6742.057461004991,21638.809016855303,94.0,0.06808510638297872,89.0,17113.319683610724,2.611111111111111,4.123879303439297,189.70238819111051,75.9520216352491,16.0,210.0,9.0,654.0,112.0,0.0,0.0,12.0,3.0,30,2,kaggle_user2,2021-09-09T12:07:33.385381,real,self_report
494.4896337992785,3928.551966130238,127.92205810546875,3172.3534427370346,13407.78610276991,140.4,0.07977207977207977,100.0,10120.024354457855,3.4752475247524752,4.014589276331983,131.91740964805862,77.9920378875847,40.0,142.0,19.0,199.0,68.0,0.0,0.0,12.0,3.0,30,0,kaggle_user2,2021-09-09T12:37:45.831533,real,self_report
273.59652519226074,354.2394727120502,133.28850269317627,13762.843470824393,49453.1805065409,23.2,0.22413793103448276,21.0,36717.44905199324,2.6363636363636362,3.6762453816226484,148.6602455860489,91.59424733231302,2.0,48.0,0.0,540.0,24.0,0.0,0.0,13.0,3.0,30,1,kaggle_user2,2021-09-09T13:39:33.248721,real,self_report
250.8071007935897,416.1141387596265,122.11489677429199,11905.321043834352,105866.3057372317,46.0,0.10434782608695652,30.0,44083.81584485372,3.7096774193548385,3.902786945380325,113.85756031385006,69.61210004054354,10.0,77.0,2.0,631.0,14.0,0.0,0.0,14.0,3.0,30,1,kaggle_user2,2021-09-09T14:09:53.497625,real,self_report
258.30972895902744,194.3409450470067,173.81596565246582,17896.498441696167,59872.88445002177,6.8,0.0,7.0,40391.808373587475,2.125,2.792481250360578,124.63003243155795,91.94222841522418,0.0,110.0,13.0,993.0,3.0,0.0,0.0,14.0,3.0,30,1,kaggle_user2,2021-09-09T14:40:18.612522,real,self_report
312.56914734840393,453.6830533607941,144.03343200683594,12013.041178385416,47975.64046555791,16.0,0.0,12.0,37995.125969251,3.076923076923077,3.4613992418576203,144.39955870842005,58.76304976713999,2.0,26.0,0.0,32.0,19.0,0.0,0.0,15.0,3.0,30,1,kaggle_user2,2021-09-09T15:39:44.942840,real,self_report
790.6396389007568,411.80386727911895,951.1098861694336,73927.6294708252,73657.14049339294,1.2,0.0,1.0,147584.76996421814,1.5,-0.0,126.48780962124856,97.42735685123527,0.0,35.0,0.0,31.0,23.0,0.0,0.0,16.0,3.0,30,1,kaggle_user2,2021-09-09T16:11:51.920678,real,self_report
115.08380449735202,43.769688826856,112.29395866394043,415.9071644147237,236.1360250002263,5.2,0.07692307692307693,0.0,0.0,13.0,2.355388542207534,119.73900181363736,100.54146092954208,7.0,46.0,1.0,59.0,10.0,0.0,0.0,8.0,4.0,30,0,kaggle_user2,2021-09-10T08:08:21.858056,real,self_report
155.67388849438362,289.26192216997725,106.96256160736084,4082.0749009390015,25113.35526923837,84.8,0.05188679245283019,25.0,32014.27219390869,8.153846153846153,3.023436202515143,171.36921716473583,91.62448944599552,9.0,118.0,7.0,315.0,23.0,0.0,0.0,8.0,4.0,30,0,kaggle_user2,2021-09-10T08:38:41.625333,real,self_report
268.8701000619442,411.1037209771504,123.5419511795044,12763.502536281463,57346.676509415716,37.6,0.010638297872340425,27.0,43162.33922817089,3.357142857142857,3.288987428527343,133.224824051838,87.62749561609343,0.0,96.0,3.0,385.0,59.0,0.0,0.0,9.0,4.0,30,0,kaggle_user2,2021-09-10T09:58:00.365522,real,self_report
252.83968650688558,507.32654608156463,128.1830072402954,5251.396736185601,35218.494833568,94.4,0.0211864406779661,87.0,13485.96048629147,2.6818181818181817,4.067798781864061,115.06046949860406,100.91933150887851,73.0,109.0,3.0,365.0,163.0,0.0,0.0,10.0,4.0,30,1,kaggle_user2,2021-09-10T10:28:07.805316,real,self_report
238.73502701010855,814.8011906156871,112.28680610656738,4305.064563657723,27946.106048346417,163.6,0.03667481662591687,105.0,15662.758220945087,3.858490566037736,3.8858594666454844,152.00551040476782,77.0975879642791,139.0,187.0,7.0,134.0,143.0,0.0,0.0,10.0,4.0,30,0,kaggle_user2,2021-09-10T10:58:13.632386,real,self_report
321.1789420156768,405.2221466718322,159.17015075683594,12081.562377512455,43013.999276765535,13.2,0.0,11.0,34523.71263504028,2.75,3.230396411099389,178.7698755231447,90.01936698617892,0.0,76.0,3.0,104.0,31.0,0.0,0.0,11.0,4.0,30,0,kaggle_user2,2021-09-10T11:50:25.383126,real,self_report
0.0,0.0,0.0,0.0,0.0,0.0,0.0,0.0,0.0,0.0,0.0,73.83449918724493,48.52277146645986,0.0,11.0,0.0,0.0,7.0,0.0,0.0,11.0,0.0,30,1,kaggle_user2,2021-09-13T11:09:35.316396,real,self_report
561.1889521280924,4336.460904011801,116.68944358825684,5410.924805890793,21278.24638532646,60.0,0.04,51.0,15223.383922202915,2.8846153846153846,3.926765004277479,217.11904799054037,118.35205791788809,5.0,144.0,15.0,349.0,77.0,0.0,0.0,11.0,0.0,30,0,kaggle_user2,2021-09-13T11:39:44.491710,real,self_report
347.536121969258,804.237568902082,123.03996086120605,5527.1077576805565,25670.827259003036,109.2,0.05860805860805861,73.0,19651.88978469535,3.689189189189189,3.6213890372220368,231.19669411551308,103.53091597811004,1.0,362.0,41.0,686.0,94.0,0.0,0.0,12.0,0.0,30,1,kaggle_user2,2021-09-13T12:10:08.472526,real,self_report
333.60938279025527,557.7768929414284,148.91350269317627,9039.151382446289,53553.95563675653,66.4,0.060240963855421686,42.0,34390.30096644447,3.86046511627907,3.562692435729688,198.01509794602333,105.79971124528394,9.0,283.0,15.0,468.0,86.0,0.0,0.0,12.0,0.0,30,1,kaggle_user2,2021-09-13T12:40:23.387140,real,self_report
104.03958092565122,43.72424038694949,92.2844409942627,13669.13455327352,57142.83670793339,18.4,0.10869565217391304,11.0,55043.21507974104,3.8333333333333335,2.88737792267068,165.20336470855,127.66521218277956,7.0,148.0,3.0,284.0,34.0,0.0,0.0,13.0,0.0,30,2,kaggle_user2,2021-09-13T13:10:33.655092,real,self_report
9983.142510704372,79757.68723229233,136.70897483825684,18754.797132576212,66456.15011620625,27.6,0.014492753623188406,20.0,62923.15191030502,3.2857142857142856,3.279594670000683,211.03136712676599,213.32828750099875,2.0,190.0,10.0,141.0,65.0,0.0,0.0,13.0,0.0,30,2,kaggle_user2,2021-09-13T13:40:45.818101,real,self_report
456.6070831046914,905.309516636748,177.7210235595703,17035.92831293742,58529.82774837383,42.4,0.0,39.0,45380.63963865623,2.65,3.143110691570029,100.82240025543102,78.76341925593863,11.0,113.0,12.0,894.0,120.0,0.0,0.0,14.0,0.0,30,2,kaggle_user2,2021-09-13T14:10:53.918261,real,self_report
341.8758629600783,824.5784772246535,107.41496086120605,4267.287878955536,16629.288650083505,165.6,0.13285024154589373,118.0,14038.906705581536,3.4789915966386555,3.9771065490384285,135.19043419832946,76.53597751424722,21.0,193.0,8.0,930.0,58.0,0.0,0.0,14.0,0.0,30,2,kaggle_user2,2021-09-13T14:41:06.350114,real,self_report
209.87862965156293,341.2018309577322,107.41007328033447,6646.284269249957,26028.024979895916,46.4,0.05172413793103448,29.0,25288.74112819803,3.8666666666666667,3.449222909330791,140.1357964515144,83.09829729717028,1.0,84.0,1.0,1339.0,15.0,0.0,0.0,15.0,0.0,30,1,kaggle_user2,2021-09-13T15:25:22.866732,real,self_report
922.2874693123691,12320.352020293352,132.80510902404785,4226.932268211807,17078.542840148915,166.0,0.10361445783132531,148.0,11185.209849396268,2.785234899328859,4.239797867992774,149.35129058992115,75.45480739408839,54.0,212.0,19.0,981.0,79.0,0.0,0.0,15.0,0.0,30,2,kaggle_user2,2021-09-13T15:55:34.592835,real,self_report
441.00366346538067,782.5804869919893,160.15303134918213,13091.14358368821,63311.74892738472,51.2,0.09375,48.0,34009.42014654478,2.6122448979591835,3.8869662266953924,118.22764746831761,71.46157372437209,7.0,74.0,2.0,1444.0,70.0,0.0,0.0,16.0,0.0,30,1,kaggle_user2,2021-09-13T16:25:44.808818,real,self_report
333.8318607386421,597.3801493253555,160.63201427459717,9649.612686527309,33371.99037444586,27.2,0.014705882352941176,26.0,24323.67558662708,2.5185185185185186,3.718407969461545,327.3176256910498,140.74020271381588,5.0,229.0,14.0,97.0,58.0,0.0,0.0,8.0,1.0,30,1,kaggle_user2,2021-09-14T08:49:27.482654,real,self_report
336.8283291252292,459.6582893275204,153.3125638961792,15550.384639464703,64247.38981376819,39.2,0.01020408163265306,35.0,42197.283697128296,2.7222222222222223,3.779433984628471,206.52350682809373,132.89646036634937,5.0,264.0,16.0,393.0,96.0,0.0,0.0,9.0,1.0,30,1,kaggle_user2,2021-09-14T09:19:40.128357,real,self_report
348.7973185579749,1027.3810025294104,112.29586601257324,2386.7355973221534,9583.80791056813,103.6,0.21621621621621623,57.0,9676.732347722638,4.4655172413793105,3.3636120472630093,235.02240830545404,116.1883578058607,5.0,227.0,14.0,681.0,88.0,0.0,0.0,10.0,1.0,30,0,kaggle_user2,2021-09-14T10:39:19.296131,real,self_report
19079.133738618377,384694.8936847064,132.09807872772217,4132.177388531039,14433.479219288463,174.4,0.13073394495412843,117.0,14449.512553011251,3.694915254237288,3.7349300404800827,161.62066662404237,78.3087970903561,22.0,137.0,1.0,1104.0,127.0,0.0,0.0,12.0,1.0,30,1,kaggle_user2,2021-09-14T12:11:15.878257,real,self_report
179.74405577688506,287.8391287022671,99.60341453552246,5441.667216164725,29635.497460604776,132.0,0.19393939393939394,83.0,20541.40512052789,3.9285714285714284,3.513539986003913,235.9403404669597,98.7841898248148,35.0,171.0,7.0,865.0,37.0,0.0,0.0,13.0,1.0,30,1,kaggle_user2,2021-09-14T13:11:50.738821,real,self_report
1897.946788087676,31957.637023181946,124.01509284973145,4545.898705569621,16136.285180675071,158.0,0.08607594936708861,131.0,12835.811591330375,2.992424242424242,4.244369499672251,216.49229765143397,118.67490981914635,31.0,208.0,16.0,1917.0,100.0,0.0,0.0,15.0,1.0,30,1,kaggle_user2,2021-09-14T15:03:18.074850,real,self_report
847.4355463647365,11250.904429399307,119.13204193115234,2539.3167191043626,8259.520897165656,279.6,0.16738197424892703,219.0,7350.738706109731,3.1772727272727272,4.187120919645919,223.1187683267907,102.4489297370872,63.0,360.0,31.0,586.0,101.0,0.0,0.0,15.0,1.0,30,1,kaggle_user2,2021-09-14T15:33:47.178993,real,self_report
