hold_time_mean,hold_time_std,hold_time_median,flight_time_mean,flight_time_std,typing_speed_wpm,error_rate,pause_frequency,pause_duration_mean,burst_length_mean,rhythm_entropy,mouse_speed_mean,mouse_speed_std,direction_change_rate,click_count,rage_click_count,scroll_velocity_std,tab_switch_freq,switch_entropy,session_fragmentation,hour_of_day,day_of_week,session_duration_min,label,user_id,timestamp
151.24167741935483,115.67301234900243,122.674,4551.299766666667,16429.360764736724,34.83870967741935,0.2580645161290322,4.0,31149.23725,7.75,3.549143808493323,0.0,30.0,27.540000000000003,8262.0,0.0,30.0,0.0,0.0,0.1290322580645161,12,4,5.0,1,user 1,2021-09-10T12:05:18.375074
128.4063,25.53624451126248,130.14350000000002,3106.536833333333,22306.137319747748,39.333333333333336,0.0166666666666666,1.0,173001.006,60.0,7.120299223152278,0.0,0.0,0.0,0.0,0.0,30.0,0.0,0.0,0.0166666666666666,12,4,5.0,1,user 1,2021-09-10T12:56:42.248174
14.634203689024394,135621.55270558302,135.138,1086.6195548780486,4626.527977668318,6.56,0.0304878048780487,9.0,15867.249777777775,18.22222222222222,4.244724955481339,0.0,0.0,0.0,0.0,0.0,30.0,0.0,0.0,0.0548780487804878,13,4,5.0,1,user 1,2021-09-10T13:27:00.550791
41.792426444444445,345988.5844190485,144.115,3045.3810222222223,10695.612787917164,30.666666666666668,0.0555555555555555,21.0,11502.251190476189,4.285714285714286,3.492511006049714,0.0,0.0,0.0,0.0,0.0,30.0,0.0,0.0,0.2333333333333333,13,4,5.0,1,user 1,2021-09-10T13:57:10.866776
129.86568852459015,83.89489729684182,120.1775,3419.726909836065,26826.200309151816,38.032786885245905,0.0327868852459016,6.0,65321.87483333333,20.33333333333333,7.812328688113527,0.0,0.0,0.0,0.0,0.0,30.0,0.0,0.0,0.0491803278688524,14,4,5.0,1,user 1,2021-09-10T14:27:53.702518
199.46632,288.68704339773666,121.674,7290.749680000001,15456.976751519427,32.0,0.04,5.0,34305.6924,5.0,2.077246245946268,0.0,0.0,0.0,0.0,0.0,30.0,0.0,0.0,0.2,15,4,5.0,1,user 1,2021-09-10T15:49:56.612707
254.6144545454545,443.3172666432785,140.1255,1580.366159090909,4719.263762235859,36.36363636363636,0.0227272727272727,4.0,13920.7855,11.0,2.952054826686372,0.0,0.0,0.0,0.0,0.0,30.0,0.0,0.0,0.0909090909090909,16,4,5.0,1,user 1,2021-09-10T16:20:29.427681
210.8048421052632,219.6497320331884,142.618,168.64387368421058,157634.62278583186,29.47368421052632,0.0,5.0,149760.846,3.8,3.85969255942496,0.0,0.0,0.0,0.0,0.0,30.0,0.0,0.0,0.2631578947368421,16,4,5.0,1,user 1,2021-09-10T16:55:55.128698
254.54147222222224,282.8980790655872,149.599,4940.346888888889,9918.481657969263,27.77777777777778,0.0555555555555555,11.0,15224.02381818182,3.272727272727273,1.9795684437911152,0.0,0.0,0.0,0.0,0.0,30.0,0.0,0.0,0.3055555555555556,11,0,5.0,1,user 1,2021-09-13T11:45:28.373148
11.880546692307693,41594.97073287796,174.53199999999998,9.504437353846155,91054.50035233409,30.76923076923077,0.0,3.0,147216.39866666668,4.333333333333333,2.5590519328995027,0.0,0.0,0.0,0.0,0.0,30.0,0.0,0.0,0.2307692307692307,12,0,5.0,1,user 1,2021-09-13T12:15:38.189376
128.60102657142858,339659.7793484329,123.667,102.88082125714287,72738.16324962873,28.571428571428573,0.0,2.0,130459.2025,3.5,1.7965415852698832,0.0,0.0,0.0,0.0,0.0,30.0,0.0,0.0,0.2857142857142857,12,0,5.0,1,user 1,2021-09-13T12:45:49.308191
23.663099,170345.48310049687,163.563,18.9304792,46400.42651708136,32.72727272727273,0.0649350649350649,14.0,41311.263285714274,5.5,5.872578803103041,0.0,0.0,0.0,0.0,0.0,30.0,0.0,0.0,0.1818181818181818,13,0,5.0,1,user 1,2021-09-13T13:16:26.134198
308.79599540000004,689079.3566591804,228.389,14293.021599999998,31012.35615104183,32.0,0.0,1.0,69766.65,5.0,1.9406879367246817,0.0,0.0,0.0,0.0,0.0,30.0,0.0,0.0,0.2,13,0,5.0,1,user 1,2021-09-13T13:46:44.525100
2.462589744186047,26156.44381317668,141.59199999999998,1.9700717953488376,26616.818897563626,5.16,0.1317829457364341,15.0,35929.16006666666,8.6,5.86913682689229,0.0,0.0,0.0,0.0,0.0,30.0,0.0,0.0,0.1162790697674418,14,0,5.0,1,user 1,2021-09-13T14:47:09.503601
125.05767857142858,28.321124441547127,124.668,100.04614285714287,98896.4528241614,38.57142857142857,0.0,1.0,523511.176,28.0,5.140972932587102,0.0,0.0,0.0,0.0,0.0,30.0,0.0,0.0,0.0357142857142857,11,1,5.0,1,user 1,2021-09-14T11:07:57.898408
28.38709176282051,335813.78549976257,136.6345,1924.081794871795,6965.562406046682,6.24,0.1153846153846153,22.0,11847.613090909088,7.090909090909091,3.608578913228851,0.0,0.0,0.0,0.0,0.0,30.0,0.0,0.0,0.141025641025641,11,1,5.0,1,user 1,2021-09-14T11:48:10.757580
27.061972764705892,270334.9282730469,155.583,21.649578211764716,7448.7047767573295,30.196078431372552,0.0686274509803921,25.0,10739.93928,4.08,2.531592601990853,0.0,0.0,0.0,0.0,0.0,30.0,0.0,0.0,0.2450980392156862,12,1,5.0,1,user 1,2021-09-14T12:18:26.145007
300.0,2280796.114668806,142.12,27104.5290625,98475.61976971266,32.5,0.1875,3.0,142528.25333333333,5.333333333333333,3.5178109394199235,0.0,0.0,0.0,0.0,0.0,30.0,0.0,0.0,0.1875,13,1,5.0,1,user 1,2021-09-14T13:51:33.284036
150.99790721649484,139.81273102723293,126.66,3507.267845360825,14934.189415891437,35.876288659793815,0.0927835051546391,10.0,31676.1115,9.7,4.236063591610801,0.0,0.0,0.0,0.0,0.0,30.0,0.0,0.0,0.1030927835051546,14,1,5.0,1,user 1,2021-09-14T14:21:45.013056
73.88357042465755,595093.870179028,141.622,59.10685633972604,93184.00827387696,33.42465753424658,0.0958904109589041,12.0,82173.84775000002,6.083333333333333,6.630811517023892,0.0,0.0,0.0,0.0,0.0,30.0,0.0,0.0,0.1643835616438356,14,1,5.0,1,user 1,2021-09-14T14:51:51.961865
388.95975,680.5714578738223,159.075,311.1678,732448.4384435829,30.0,0.0,2.0,1044240.6225,4.0,2.6216563676550333,0.0,0.0,0.0,0.0,0.0,30.0,0.0,0.0,0.25,15,1,5.0,1,user 1,2021-09-14T15:30:29.102846
115.79814285714284,39.66269753878208,120.6765,92.63851428571428,65127.50477308452,35.714285714285715,0.0714285714285714,3.0,138835.52166666667,9.333333333333334,4.2076781378895936,0.0,0.0,0.0,0.0,0.0,30.0,0.0,0.0,0.1071428571428571,15,1,5.0,1,user 1,2021-09-14T16:00:35.888716
100.85475,38.03197327719327,105.718,80.6838,157924.9419020696,35.0,0.375,1.0,447154.34,8.0,2.623350392548918,0.0,0.0,0.0,0.0,0.0,30.0,0.0,0.0,0.125,16,1,5.0,1,user 1,2021-09-14T16:30:44.502047
123.09200000000004,43.44888308882827,127.667,98.47360000000003,51449.80205526469,35.78947368421053,0.2105263157894736,2.0,113496.8915,9.5,4.038260772081536,0.0,0.0,0.0,0.0,0.0,30.0,0.0,0.0,0.1052631578947368,17,1,5.0,1,user 1,2021-09-14T17:31:03.494435
121.12957575757576,31.99649054391581,122.671,11465.193727272728,44876.39990862289,37.57575757575758,0.0909090909090909,2.0,185282.1165,16.5,3.8543809068989368,0.0,0.0,0.0,0.0,0.0,30.0,0.0,0.0,0.0606060606060606,17,1,5.0,1,user 1,2021-09-14T18:01:10.586566
222.28,137.77537994141042,207.562,158.321,70.61519461607867,40.0,0.0,0.0,0.0,5.0,0.3862693668604054,0.0,30.0,39.16333333333333,11749.0,0.0,30.0,0.0,0.0,0.0,8,1,5.0,1,user 2,2021-09-07T08:41:13.616066
300.0,587.7659047189834,417.452,240.0,954181.4426598244,15.0,0.125,5.0,549082.9931999999,1.6,2.59933916897821,0.0,30.0,35.95333333333333,10786.0,0.0,30.0,0.0,0.0,0.625,9,1,5.0,1,user 2,2021-09-07T09:34:19.193612
4.015679111111111,10463.87294384907,430.59,3.212543288888889,56385.67916233871,15.0,0.0,6.0,54071.75533333333,1.5,1.4634220018407786,0.0,0.0,0.0,0.0,0.0,30.0,0.0,0.0,0.6666666666666666,10,1,5.0,1,user 2,2021-09-07T10:36:17.663853
211.1370555555556,475.2911646913949,82.983,6292.674666666667,19218.826793716515,35.55555555555556,0.0,2.0,54419.8565,9.0,2.968108699022868,0.0,0.0,0.0,0.0,0.0,30.0,0.0,0.0,0.1111111111111111,11,1,5.0,1,user 2,2021-09-07T11:06:48.765706
300.0,600.280993230291,215.3135,14317.024807692307,66724.91612800793,36.92307692307693,0.0,2.0,176304.0985,13.0,4.570025142868227,0.0,0.0,0.0,0.0,0.0,30.0,0.0,0.0,0.0769230769230769,11,1,5.0,1,user 2,2021-09-07T11:37:11.060236
453.8376363636364,529.204858642255,188.463,5759.521309090907,12225.022366214464,26.909090909090914,0.0181818181818181,18.0,16593.129166666666,3.055555555555556,2.1031914524971693,0.0,0.0,0.0,0.0,0.0,30.0,0.0,0.0,0.3272727272727272,12,1,5.0,1,user 2,2021-09-07T12:07:39.605662
300.0,847.9228435136278,181.94,13459.019681818185,31137.47008006049,29.090909090909093,0.0,6.0,47914.0345,3.6666666666666665,2.2603110177043737,0.0,0.0,0.0,0.0,0.0,30.0,0.0,0.0,0.2727272727272727,13,1,5.0,1,user 2,2021-09-07T13:24:12.773623
272.3190909090909,414.2356275588701,126.477,22673.53936363637,56777.50524151277,25.45454545454546,0.0,4.0,61686.63175,2.75,2.387594909213848,0.0,0.0,0.0,0.0,0.0,30.0,0.0,0.0,0.3636363636363636,14,1,5.0,1,user 2,2021-09-07T14:55:29.231364
293.03657333333337,520.1555606517118,114.251,4155.836613333333,15063.96505276902,33.06666666666666,0.0266666666666666,13.0,22256.112615384613,5.769230769230769,3.6005269229850314,0.0,0.0,0.0,0.0,0.0,30.0,0.0,0.0,0.1733333333333333,15,1,5.0,1,user 2,2021-09-07T15:25:46.545479
163.66645,167.7367645783353,117.674,130.93316000000002,10749325.4438596,34.0,0.05,3.0,16027980.748666666,6.666666666666667,4.357136495188406,0.0,0.0,0.0,0.0,0.0,30.0,0.0,0.0,0.15,8,2,5.0,1,user 2,2021-09-08T08:06:01.607957
132.63925,48.237624466188485,136.22699999999998,106.1114,522474.0779301449,33.0,0.025,7.0,482888.6902857144,5.714285714285714,6.072344167551692,0.0,0.0,0.0,0.0,0.0,30.0,0.0,0.0,0.175,9,2,5.0,1,user 2,2021-09-08T09:06:42.507459
414.6097500000001,375.1739357091285,206.5235,31023.53708333333,101235.88090917488,30.0,0.0,3.0,121586.31066666666,4.0,3.124272271072134,0.0,0.0,0.0,0.0,0.0,30.0,0.0,0.0,0.25,10,2,5.0,1,user 2,2021-09-08T10:49:59.270260
300.0,1035.015668482718,230.454,5974.466325000001,20276.032213294904,30.0,0.175,10.0,21980.407,4.0,3.3510905478061765,0.0,0.0,0.0,0.0,0.0,30.0,0.0,0.0,0.25,13,2,5.0,1,user 2,2021-09-08T13:58:25.465245
300.0,1200.5768107567203,135.783,240.0,511012.9408512766,26.66666666666667,0.0,3.0,526145.4653333334,3.0,2.739017698471621,0.0,0.0,0.0,0.0,0.0,30.0,0.0,0.0,0.3333333333333333,15,2,5.0,1,user 2,2021-09-08T15:19:19.014925
292.1500967741936,343.6517832610247,153.79950000000002,4873.467999999999,17037.203595220628,33.54838709677419,0.0161290322580645,10.0,27218.631,6.2,3.467602179641585,0.0,0.0,0.0,0.0,0.0,30.0,0.0,0.0,0.1612903225806451,15,2,5.0,1,user 2,2021-09-08T15:49:47.734764
268.38440322580647,530.0306171762098,119.6375,1920.6947983870969,4407.7025955334775,33.54838709677419,0.1370967741935483,20.0,9314.3932,6.2,2.2855758379802467,0.0,0.0,0.0,0.0,0.0,30.0,0.0,0.0,0.1612903225806451,16,2,5.0,1,user 2,2021-09-08T16:20:02.303620
407.8562580645162,500.35274584270167,194.279,10798.580032258064,27470.243876938817,27.09677419354839,0.1935483870967742,10.0,32416.1077,3.1,2.502508977471809,0.0,0.0,0.0,0.0,0.0,30.0,0.0,0.0,0.3225806451612903,16,2,5.0,1,user 2,2021-09-08T16:50:16.224527
118.54266666666666,51.875682286276174,116.204,94.83413333333334,640902.5986685778,37.333333333333336,0.0666666666666666,1.0,2482701.405,15.0,3.730455111223538,0.0,0.0,0.0,0.0,0.0,30.0,0.0,0.0,0.0666666666666666,9,3,5.0,1,user 2,2021-09-09T09:57:29.832442
128.38539130434782,127.84735706008551,100.577,102.70831304347826,64400.09016360097,38.26086956521739,0.0434782608695652,1.0,309203.51,23.0,4.569631902056591,0.0,0.0,0.0,0.0,0.0,30.0,0.0,0.0,0.0434782608695652,10,3,5.0,1,user 2,2021-09-09T10:27:43.585933
105.03024,38.86445321807577,102.53,9540.405080000002,41566.42729951799,35.2,0.0,3.0,76445.62866666667,8.333333333333334,4.268855943140393,0.0,0.0,0.0,0.0,0.0,30.0,0.0,0.0,0.12,10,3,5.0,1,user 2,2021-09-09T10:58:18.375071
321.6684655172414,289.3717543002072,197.2825,8531.677896551724,33350.26556851835,29.655172413793103,0.0344827586206896,15.0,31651.68406666666,3.866666666666666,3.875147848574164,0.0,0.0,0.0,0.0,0.0,30.0,0.0,0.0,0.2586206896551724,12,3,5.0,1,user 2,2021-09-09T12:22:33.385381
273.00155970149257,393.2499682799773,132.8015,2234.983850746269,13084.096553631009,5.36,0.0895522388059701,18.0,12957.533333333333,7.444444444444445,5.832339176673743,0.0,0.0,0.0,0.0,0.0,30.0,0.0,0.0,0.1343283582089552,12,3,5.0,1,user 2,2021-09-09T12:52:45.831533
300.0,675.1093683794253,171.866,240.0,825462.511715721,22.85714285714286,0.0,3.0,757786.2076666666,2.333333333333333,2.351250564083678,0.0,0.0,0.0,0.0,0.0,30.0,0.0,0.0,0.4285714285714285,13,3,5.0,1,user 2,2021-09-09T13:54:33.248721
406.78875,598.5159447967391,166.49650000000003,325.43100000000004,1020750.3912631886,32.5,0.0,3.0,1373462.545,5.333333333333333,3.830034935311699,0.0,0.0,0.0,0.0,0.0,30.0,0.0,0.0,0.1875,15,3,5.0,1,user 2,2021-09-09T15:54:44.942840
134.41724390243905,182.3631148177683,97.1845,3941.4530853658543,23718.812201611065,38.53658536585366,0.0609756097560975,3.0,97541.63333333336,27.33333333333333,5.980977355911174,0.0,0.0,0.0,0.0,0.0,30.0,0.0,0.0,0.0365853658536585,8,4,5.0,1,user 2,2021-09-10T08:53:41.625333
495.6035,384.8135214088768,339.82050000000004,39197.28883333333,69577.31244874788,20.0,0.0,3.0,78157.316,2.0,1.6203953833305391,0.0,0.0,0.0,0.0,0.0,30.0,0.0,0.0,0.5,10,4,5.0,1,user 2,2021-09-10T10:13:00.365522
177.2646063829787,273.2096901754157,125.4785,3669.8020744680857,11590.23488089557,32.340425531914896,0.0106382978723404,18.0,16800.385,5.222222222222222,3.1414282351407445,0.0,0.0,0.0,0.0,0.0,30.0,0.0,0.0,0.1914893617021276,10,4,5.0,1,user 2,2021-09-10T10:43:07.805316
228.2703333333333,417.31972126415104,116.232,3901.99475,10286.886883998435,31.333333333333336,0.0166666666666666,13.0,16243.40653846154,4.615384615384615,2.6142532957425995,0.0,0.0,0.0,0.0,0.0,30.0,0.0,0.0,0.2166666666666666,11,4,5.0,1,user 2,2021-09-10T11:13:13.632386
312.4003478260869,206.1471042454456,202.153,249.9202782608695,53636184.15355276,33.04347826086957,0.0,4.0,64335137.37225,5.75,4.688169567640619,0.0,0.0,0.0,0.0,0.0,30.0,0.0,0.0,0.1739130434782608,11,0,5.0,1,user 2,2021-09-13T11:54:44.491710
300.0,1410.7179578617522,313.461,19055.36347058824,34011.302403983274,18.823529411764707,0.0,9.0,35718.522666666664,1.8888888888888888,1.731575994251066,0.0,0.0,0.0,0.0,0.0,30.0,0.0,0.0,0.5294117647058824,12,0,5.0,1,user 2,2021-09-13T12:25:08.472526
282.5301134020619,509.2998177675912,136.709,7298.921103092785,58959.956171768994,36.28865979381444,0.0103092783505154,9.0,73987.30133333332,10.77777777777778,8.036153657183418,0.0,0.0,0.0,0.0,0.0,30.0,0.0,0.0,0.0927835051546391,12,0,5.0,1,user 2,2021-09-13T12:55:23.387140
198.6724090909092,368.21180622902864,87.8845,15816.033999999998,46348.52006052244,30.909090909090914,0.0454545454545454,5.0,67935.97360000001,4.4,2.8631004710938,0.0,0.0,0.0,0.0,0.0,30.0,0.0,0.0,0.2272727272727272,13,0,5.0,1,user 2,2021-09-13T13:55:45.818101
324.9041034482758,505.671484474099,106.439,10695.338931034485,31179.016050014823,30.344827586206897,0.0344827586206896,7.0,42651.303,4.142857142857143,2.864493694192948,0.0,0.0,0.0,0.0,0.0,30.0,0.0,0.0,0.2413793103448276,14,0,5.0,1,user 2,2021-09-13T14:56:06.350114
218.8097692307692,307.7328781622556,105.461,175.04781538461538,455043.1198231829,33.846153846153854,0.2307692307692307,2.0,825368.1369999999,6.5,3.43229686249167,0.0,0.0,0.0,0.0,0.0,30.0,0.0,0.0,0.1538461538461538,15,0,5.0,1,user 2,2021-09-13T15:40:22.866732
3.6219458133333338,29000.090776335444,156.243,2.897556650666667,6093.640652839417,28.799999999999997,0.1333333333333333,21.0,9447.86919047619,3.571428571428572,2.026339603812899,0.0,0.0,0.0,0.0,0.0,30.0,0.0,0.0,0.28,16,0,5.0,1,user 2,2021-09-13T16:10:34.592835
218.83763157894737,238.90402683393148,123.036,175.0701052631579,123579.22990181056,33.684210526315795,0.0,3.0,182626.81366666665,6.333333333333333,4.120143639818585,0.0,0.0,0.0,0.0,0.0,30.0,0.0,0.0,0.1578947368421052,16,0,5.0,1,user 2,2021-09-13T16:40:44.808818
300.0,1046.3520346227142,172.837,240.0,13265660.598061282,25.263157894736842,0.0,7.0,8266829.708571428,2.7142857142857144,4.238904816717147,0.0,0.0,0.0,0.0,0.0,30.0,0.0,0.0,0.3684210526315789,9,1,5.0,1,user 2,2021-09-14T09:04:27.482654
480.1744375,599.527543159981,153.31400000000002,16577.98535416667,82952.10523217676,26.66666666666667,0.0208333333333333,16.0,48582.5406875,3.0,4.951353925721271,0.0,0.0,0.0,0.0,0.0,30.0,0.0,0.0,0.3333333333333333,9,1,5.0,1,user 2,2021-09-14T09:34:40.128357
265.15445132743366,1352.1967402831558,102.538,2639.957867256637,13405.824952074732,36.46017699115045,0.4070796460176991,10.0,26705.0985,11.3,5.055525881712638,0.0,0.0,0.0,0.0,0.0,30.0,0.0,0.0,0.0884955752212389,10,1,5.0,1,user 2,2021-09-14T10:54:19.296131
188.75389655172413,324.95936440439897,95.6955,3032.818724137931,15976.463245149978,35.86206896551724,0.0344827586206896,12.0,26402.811666666665,9.666666666666666,5.245104165215853,0.0,0.0,0.0,0.0,0.0,30.0,0.0,0.0,0.1034482758620689,11,1,5.0,1,user 2,2021-09-14T11:55:43.522521
1.8879100235294128,14585.55443327606,115.28,1.5103280188235304,15241.599197074424,34.82352941176471,0.1176470588235294,11.0,26637.90909090909,7.727272727272727,3.923828986718069,0.0,0.0,0.0,0.0,0.0,30.0,0.0,0.0,0.1294117647058823,12,1,5.0,1,user 2,2021-09-14T12:26:15.878257
268.36237113402063,458.043269530004,112.298,3602.2802886597933,13131.157444795914,32.577319587628864,0.1546391752577319,18.0,17317.006722222224,5.388888888888889,3.626396244858922,0.0,0.0,0.0,0.0,0.0,30.0,0.0,0.0,0.1855670103092783,12,1,5.0,1,user 2,2021-09-14T12:56:32.982335
181.5058648648649,302.8772250243442,93.7435,3083.105445945946,8691.574249707208,31.35135135135135,0.1216216216216216,16.0,12780.657437500002,4.625,2.7999845592398067,0.0,0.0,0.0,0.0,0.0,30.0,0.0,0.0,0.2162162162162162,13,1,5.0,1,user 2,2021-09-14T13:26:50.738821
390.74292,511.827503233749,167.711,12671.405800000002,45094.33807973291,25.6,0.12,9.0,34247.58477777778,2.7777777777777777,3.4868465370717625,0.0,0.0,0.0,0.0,0.0,30.0,0.0,0.0,0.36,15,1,5.0,1,user 2,2021-09-14T15:18:18.074850
300.0,8899.791772876619,101.551,1846.7646890243905,4134.331044885529,6.56,0.2317073170731707,32.0,7526.679437500001,5.125,2.2318528875520824,0.0,0.0,0.0,0.0,0.0,30.0,0.0,0.0,0.1951219512195122,15,1,5.0,1,user 2,2021-09-14T15:48:47.178993
98.3156559189489,14.879996308637743,96.62590203993707,63.3240952508336,14.88896554913307,58.88992938644723,0.0277146418405741,3.906403818241944,236.75694165555475,11.732682733985271,0.9564415594355972,96.30881114744822,23.96467889210473,2.966193293365053,1.886301724606724,0.0,5.513821785965918,0.039357251911815,1.346997474943766,0.1871931497918908,9,0,35.714946579264414,0,synthetic_neutral,2024-01-01T10:00:00
101.42664753763668,18.293544036982247,88.94542333629042,87.27449352532192,20.478266464181008,65.73871225260721,0.0323521600942086,0.9041117079923986,200.6605630022512,11.128900348892053,1.6564668280940844,66.43054324644208,13.909804666703655,5.455866606253894,2.8008925971753307,0.0,27.317803249364417,2.647620874545636,0.9815431999839312,0.1145875738627644,10,1,14.460522806549337,0,synthetic_neutral,2024-01-02T10:00:00
90.74710952736068,10.075183614257307,88.46322452578893,64.7574209407308,14.287515094172596,74.8695134401812,0.0238466178740354,0.3065692636912493,146.1657092882765,9.059819517913496,0.9891657430966831,66.46029533734355,15.95754785383294,2.869759322241334,9.275784304232356,0.0,17.623957998976607,4.589864682081149,1.091667627277248,0.108610875885609,11,2,28.47056573751181,0,synthetic_neutral,2024-01-03T10:00:00
91.7694482708628,14.288720813499884,105.65639163143712,76.18281551404382,22.96766834370363,55.36462718863655,0.0297044416370587,2.377508054881777,224.48696839077132,5.960244044980742,1.2104674143952778,119.93556114847364,23.33244547476273,0.3785739749897003,4.900664888875777,0.0,24.19730467587631,2.574288024434484,0.7531726034336372,0.046797117245057,12,3,22.92376219581203,0,synthetic_neutral,2024-01-04T10:00:00
97.16697546040068,15.278391939331684,114.72499640434133,73.39340443429566,17.65780687387211,73.27080986064516,0.0186158230637158,2.712502307892916,108.4348714789028,9.639924761938133,1.122855374365675,76.2971734584777,8.646257257536673,1.6993156811546557,5.501005896134189,0.0,24.638391501101584,1.019630375906873,0.9139142829165934,0.1095499400653947,13,4,30.688370650372697,0,synthetic_neutral,2024-01-05T10:00:00
100.41873876513677,7.456323655652649,84.8639394807029,72.78131766252439,13.750914818504173,48.88580972023787,0.0139566949961089,1.943514518130424,167.7114575358992,10.899095336388973,1.522373860854757,52.21703001624315,25.412172654512496,2.509102606867605,10.611799174356545,0.0,36.07694107393309,2.2397282408098915,1.0643734869032857,0.2432982290393043,14,5,13.317371926736172,0,synthetic_neutral,2024-01-06T10:00:00
114.29877876651344,13.996603837415496,87.06385340525813,66.66047594797416,14.851080799506654,61.80670826374785,0.0153251885489272,1.3956403859264666,67.27324417877836,13.774311567175744,1.2137783348181226,88.61169646625395,9.284606087539547,3.692047264671153,12.126893569102634,0.0,14.15685774485501,2.6904193929313944,0.6040751062059764,0.0997801445208772,15,6,27.943622206859025,0,synthetic_neutral,2024-01-07T10:00:00
104.85122870548145,17.89852019423003,94.8053245792359,71.24032518721812,5.532970678687715,49.86815252210519,0.0189697083073945,0.527934659232768,29.608265800987425,10.283401881146848,0.7676178294437926,80.07386621558784,9.45419210642196,2.6949591731197398,2.3337243925996045,0.0,27.56776256365689,5.137576179816923,0.9164306110255696,0.1023971245343079,16,0,27.463828564950106,0,synthetic_neutral,2024-01-08T10:00:00
94.4331368741441,20.566926654198816,92.19633828207787,76.67800011594792,10.702845441791707,62.84965711600427,0.0399326986297415,1.6094222908167797,242.49801312361592,10.048833236039066,0.9409649380484284,70.23299088849902,16.7769367122793,7.572264499132893,4.341629667898664,0.0,30.82825257383554,-1.4563860396350217,1.257423265498788,0.0978781387255009,17,1,28.167992868278283,0,synthetic_neutral,2024-01-09T10:00:00
97.9323925763877,12.182244133954423,98.98418337266648,90.70196795740635,8.247650452316915,68.72870453115888,0.0046887501107704,1.3846464007703307,234.5060079329704,9.537671818658248,1.1503286849991736,120.31656514321811,30.13243632985168,5.242379412100357,5.9769127062912695,0.0,3.105680096084825,2.8011593152734946,0.3190035282523296,0.1014937271566261,18,2,23.256795789926848,0,synthetic_neutral,2024-01-10T10:00:00
90.62497035518932,14.514700314609769,103.45083576889962,59.63459791183418,12.569596962453208,65.92589422570919,0.0144592832092311,2.840335005811704,197.09788566271175,14.48426001081464,1.4478516328599085,59.41454828334415,9.024980107742074,5.218946487132006,-0.9516225027811948,0.0,25.31847120438304,-1.877416248362476,0.5182564314095703,0.1862257157627133,19,3,43.47125987925631,0,synthetic_neutral,2024-01-11T10:00:00
96.54586450031084,18.091342994985386,106.56162621684794,73.49586460886077,14.28049891452785,79.68430348432804,0.0315158384858498,3.050252251336428,266.85647528292907,13.150199333954498,1.2901260974990656,71.86113407834945,9.430284798335013,3.520756735355964,7.790687787325847,0.0,10.423737672820115,-0.1653637281925291,0.6729753540957796,0.1526313384895971,20,4,26.340623923885868,0,synthetic_neutral,2024-01-12T10:00:00
105.59589512380091,11.807997632515274,98.1515453838607,64.99495256910647,8.550378454326099,69.5361954781114,0.0235094631981338,1.0840043901893148,156.03130561713007,9.7087182541528,0.5690052622926249,68.58762275699536,5.699909390013072,1.0335301778214638,10.88125624943317,0.0,26.96655465123516,1.3451273930384071,1.159725251952953,0.110349160863391,9,5,27.65863172213472,0,synthetic_neutral,2024-01-13T10:00:00
107.97806682906268,18.92499773847163,102.46755001782584,60.570752509120574,1.0226888538951773,54.61193788703203,0.0311396942483233,2.273089800995367,151.1741102541963,9.542679657250794,0.8385153166930623,64.44630696903806,31.1411019068292,3.277740952666328,3.685958717419955,0.0,8.306309007551016,3.682113706196779,0.0650430162771048,0.0470861093906147,10,6,25.11087951634652,0,synthetic_neutral,2024-01-14T10:00:00
103.47627758932832,20.277447957054974,111.21013125626,73.23337693746704,1.9770471536217575,65.09198164445219,0.0018815499967609,2.040822987494531,148.26068771582706,13.630072858216742,1.1691745554944872,58.18517827209608,8.925461989508703,2.80360629257138,3.732804073705724,0.0,21.434776752090247,3.287694440182067,0.9957617697470704,0.1140461772087006,11,0,43.42812374646657,0,synthetic_neutral,2024-01-15T10:00:00
94.39595980038324,13.758976087406106,97.10223826590114,58.23841649443746,14.250606712764894,68.0922328776895,0.0256638522818303,2.6906707672665027,124.73243776213812,14.98355419846852,1.030069623096548,49.7862144709536,20.98636000205781,5.391957443465205,2.558157000300737,0.0,12.822233469185202,3.333339701627642,0.1701428549177369,0.0374284254892675,12,1,38.85710016549033,0,synthetic_neutral,2024-01-16T10:00:00
83.51076129165786,17.25036385223626,92.76205838952926,61.63727214052688,20.10777743352216,56.5535272598304,0.0219801187963174,1.739955223623401,134.1143034339518,11.506542836311368,1.069426362424576,95.34046803784724,14.099647949622211,5.107978514989574,5.015126801165748,0.0,26.550450667986308,4.586617918391071,1.008406771362774,0.0703514508474188,13,2,30.192580802699485,0,synthetic_neutral,2024-01-17T10:00:00
96.09745278601376,22.129433245245,107.54174087067685,55.24249565038187,18.76171013936868,61.0321781956344,0.0299756462362126,3.867375329623149,251.516146725474,11.141523999650468,1.201251818509823,111.62657033418084,20.239013936221543,-0.2167206815181002,5.942785037516564,0.0,15.285532141053972,-1.1088731277033994,0.9112051259781884,0.1023999663452376,14,3,18.14857397972728,0,synthetic_neutral,2024-01-18T10:00:00
93.43835135791448,1.3884460448923512,92.83595615984716,89.8282239138329,16.333087237730265,62.70890168430404,-0.0004033357668693,0.8327504306890889,139.44329290932473,7.6009049652209555,0.7637978039913574,77.59383483821198,18.1865141978871,4.070401236819517,-3.3866411419554456,0.0,17.299035335946556,3.630931246920876,0.9970339603757032,0.1181313778199329,15,4,8.29195112192157,0,synthetic_neutral,2024-01-19T10:00:00
85.30174316088886,19.100008569813525,101.83623540883124,52.96429189934391,7.868132289063563,43.58831374125027,0.0261753892826547,1.2889075848481586,119.11424123610723,9.202339413197883,0.7728391149718332,66.56933248689258,15.244512819809891,3.978672237465157,7.701487526567464,0.0,38.3034625358904,2.041839719840071,0.3524442340974875,0.135795200006535,16,5,29.518040480270116,0,synthetic_neutral,2024-01-20T10:00:00
107.4736650503678,14.955150919280117,97.8635763226455,76.71009534617238,11.761052254406708,62.98513864402947,0.014969873812745,2.65521932524505,122.889080639412,11.924933063894809,1.5053271958857124,85.67475690885959,36.15533303411341,1.848435334638089,2.0748923888649085,0.0,19.55078117079675,1.3151721760637674,0.7749016404447693,0.0808681692991015,17,6,30.99312192268265,0,synthetic_neutral,2024-01-21T10:00:00
99.29401647883512,3.946670647149608,91.5469145015256,59.6246759027953,10.294070870293044,53.15903455653157,0.0314860980751444,2.765528989701353,101.1855627886516,10.705329662188586,0.8279959740964803,68.62453295556111,16.82379195339816,-0.6381764916153987,7.283084304314781,0.0,30.289452531796883,4.352558172773303,1.3508027871687638,0.0514246901352822,18,0,40.08900217266346,0,synthetic_neutral,2024-01-22T10:00:00
106.05138360932108,13.52512123247486,93.43743859821632,64.77279098551804,19.844192026422167,47.3829474018908,0.0027537123381294,3.334550026530266,141.54053293829196,11.219560685282666,1.1200021783959402,77.39974153155644,29.957462047951367,5.638043756903564,0.3353525024222969,0.0,32.078559645692074,4.4002840964825936,0.402513635577705,0.0959869116259992,19,1,28.681523693600397,0,synthetic_neutral,2024-01-23T10:00:00
106.77428914298292,11.301577681085426,119.50735450425044,70.10771915518872,2.2097499874706763,73.80146884760293,0.014649597486359,0.6408724392467446,119.84490922666676,16.0686442212485,1.1497839869033135,77.76923656523576,22.351360202694487,4.550391392810079,3.9099713166900982,0.0,34.163577217570854,1.809765308854938,1.067311501958454,0.1726602224008644,20,2,10.831446769639792,0,synthetic_neutral,2024-01-24T10:00:00
109.978148139687,21.5771187196321,110.19033496646036,72.95789383723688,6.888303019528156,63.87672485086985,0.0241318788140712,1.3637425738894735,241.41530673578055,10.503203275887744,1.071825398137351,67.1943288456319,15.47748417738011,3.850213652721177,4.216179103844485,0.0,29.24576749815041,1.8444938629414709,0.6624482369406242,0.0819014958888826,9,3,12.313668647687976,0,synthetic_neutral,2024-01-25T10:00:00
99.9495490278819,18.84781362270621,95.67620604295765,69.44792143022927,10.33886970026808,74.55587557766745,0.031235760625914,0.992298278311852,55.183602358388015,10.352584885249003,0.8132078014206662,69.61765307807113,27.991826130986368,0.3514796829078674,9.856397917599198,0.0,12.11710031194616,4.653540214141742,1.1119278588827866,0.0508170068645308,10,4,39.31350210774482,0,synthetic_neutral,2024-01-26T10:00:00
92.63906100113051,11.473608963548669,105.77361676023156,46.07848089908633,10.34866946302114,60.93915163968872,0.0229198254409371,1.3811701306137885,178.61110445311755,5.521004657190029,0.8436991281608015,73.50515924928872,8.88512069970291,3.740165298678154,3.746974407715198,0.0,25.927347986701108,1.9420586052602504,0.8467008006208747,0.1274330558329951,11,5,42.68409918245895,0,synthetic_neutral,2024-01-27T10:00:00
103.44218873911572,20.94905777012095,104.79952425127878,66.6708671073115,9.58692181086843,80.01261486879898,0.0255799894639154,1.939049534718012,171.2335566126373,6.674242077592842,1.3242634205536783,95.78834732704132,11.54500715667521,1.6661139605530202,10.091797488185565,0.0,15.373761181354874,2.491233325714743,0.8735486299845773,0.1556190369205684,12,6,21.982242465405434,0,synthetic_neutral,2024-01-28T10:00:00
109.55032834457168,17.754880797595266,99.31215564397864,60.29754078055004,9.3651032068674,76.77178814975922,0.0413806227898689,0.9589430694068216,140.57231193990947,9.026833021978971,0.6630390338495133,66.77333745096439,14.889539619708412,3.36795121464312,-0.325446686049835,0.0,3.4369241943231543,1.0876254284642082,0.716309217991733,0.0546412524885673,13,0,25.5457561374418,0,synthetic_neutral,2024-01-29T10:00:00
103.46699222942064,13.568248569133244,116.20840158835416,91.74004087756464,7.465651315534172,59.07200692912976,0.0208716639137729,2.7292316922216293,96.50285065819996,7.649603030623589,0.7311547632703549,82.23778141105677,27.157998844597238,2.2555705361873164,8.425803698291565,0.0,17.152494836060537,5.688398320511158,0.5994555326109152,0.1414469645796324,14,1,46.11813788166253,0,synthetic_neutral,2024-01-30T10:00:00
109.59066774987753,18.0874252117504,106.5144634129668,74.27962913607499,23.647164088126623,59.59047241002752,0.0167639929532761,1.1891698863694398,109.03200963288734,15.405126502894628,0.9273132825349222,88.79395696453395,32.024873481337934,-0.2289120797279471,4.872976019553764,0.0,35.1432044901286,0.4844218116530605,0.769547060041209,0.1582305740609239,15,2,27.9564671189855,0,synthetic_neutral,2024-01-31T10:00:00
89.11551035837502,10.32476137792342,85.93969509964317,64.00556498569753,21.76712523375838,45.82829502171455,0.023547219677665,2.4221627812759974,217.21128339348851,12.327862441906976,1.1573446412220283,81.45999413933234,24.385715877893663,2.6816135854506777,4.881716309057082,0.0,13.96798961228022,1.680619163957867,0.6402762685409107,0.1444344640301442,16,3,13.563953602031123,0,synthetic_neutral,2024-01-32T10:00:00
104.33031365943488,11.394909002770945,102.23463577189224,82.32332897596345,8.611316725673156,59.37879407781831,0.01949467234557,3.889600220836549,210.7431301237848,11.427558681375393,1.4017343269693965,63.71985418092135,23.716439779239327,1.87624604531486,5.165847404640223,0.0,16.531620814066017,2.802492946102157,1.1422461594713016,0.1255774186811366,17,4,34.63602671312205,0,synthetic_neutral,2024-01-33T10:00:00
109.55762227886066,14.794105334077058,98.57254478129131,71.42307474823446,18.61365768424643,65.65456731322459,0.0150384682775745,1.694158618032222,221.20946763912465,11.139712921484715,0.8873128134493418,72.80739381693843,12.3826600722471,7.996660419494959,7.464874663833935,0.0,9.35969256501916,4.621837558357226,0.3914261633241078,0.0880205442487234,18,5,13.630027013374251,0,synthetic_neutral,2024-01-34T10:00:00
84.92538618397552,10.14883928791198,99.86936279512094,73.78390152877799,18.330861290414816,60.3066379415989,0.0162400208867109,1.4729690471581098,174.51730436359705,12.196256346243514,1.4612814776995515,71.99718405209555,22.828643036499624,-0.833116365748412,1.9697621384517177,0.0,27.353469351210503,1.38795853514068,0.8040492754954166,0.0983445701487258,19,6,46.94911715741602,0,synthetic_neutral,2024-01-35T10:00:00
85.65143766555936,51.66772190327523,101.86803560003877,73.87042317243069,25.45366253089156,29.67495645141587,0.2039528790764505,3.724894211144196,496.6258228906312,3.3719630325582126,6.432620984003042,266.4078453487562,165.28898756752693,10.84889084777341,31.382422193644658,4.278260918756406,-18.23158131703687,23.857920260634494,4.42627983446661,0.8196823217876821,14,0,36.58009612939058,2,synthetic_stressed,2024-01-01T15:00:00
77.58688756183861,61.02347955357826,51.77321683281243,35.65478380124721,46.71158409330625,8.201749758867358,0.2299591666900192,14.758857673714225,618.3282011476454,3.4150408963374828,4.054330883314655,213.30236878225463,182.18950972781124,4.038668645447599,51.219352783756094,8.777774040906724,52.81395894358638,26.43784272153095,4.42145453319224,0.923901322031445,15,1,12.682723648494893,2,synthetic_stressed,2024-01-02T15:00:00
81.58973666483197,65.29250197045866,92.3757796024182,42.02344767838662,64.44881773345259,33.97786370867803,0.1975634153267053,19.827254784548938,1019.6873914282412,2.23425732220219,5.924709541588272,245.4050164969643,167.4733397913924,16.490022919992867,57.9464878752412,6.066029938193282,77.49810855871351,23.047360434378305,3.520624838508696,0.4592787558038586,16,2,15.41822757235795,2,synthetic_stressed,2024-01-03T15:00:00
98.41843046655116,62.81490125700562,59.45382389754746,78.9735132762624,49.76521524989385,21.842323880938213,0.1444912122198848,12.256180035154795,521.7696279831331,3.129335670457448,4.7206696494554965,349.1431917544367,200.93583366020795,13.42224483308823,61.86568248880873,-0.5135049088212478,-48.65793458316594,32.32639199205346,4.284567481614575,0.7422650973431415,17,3,37.46566676315592,2,synthetic_stressed,2024-01-04T15:00:00
75.83833104848415,80.04169054802128,65.78148484507544,63.05963888583968,66.37732407940193,55.75409658641996,0.1465848507769367,13.522471906732653,877.2509349705367,1.8688992697680755,4.915542981304766,254.31045564477145,126.98712081874852,6.622254060270516,36.74233246170666,8.21357977943768,184.3221774713938,17.740345217082233,5.062240991776406,0.73002725079375,18,4,42.78429226442108,2,synthetic_stressed,2024-01-05T15:00:00
82.05176944566759,54.6119864343438,73.64712676685444,57.086945997775175,48.95368410682037,26.23937461443789,0.1640400717026472,-3.1946751076392825,440.75221113716896,8.116814626877616,3.8651182039427896,261.4495142087752,213.29916856263324,10.956184144701671,46.28126515759809,2.79136256348283,139.7125467958379,1.5645139963913373,4.937815991489512,0.6280160938669064,19,5,65.59333756008549,2,synthetic_stressed,2024-01-06T15:00:00
93.60056395885483,38.68892894486,64.1756369198148,62.05876803130393,35.52855249923224,21.36796515493046,0.1706008882198378,11.996633331464434,809.2032386006599,3.707088862674084,4.885482028414992,334.91106357400383,173.46958466800507,9.74717275776358,41.02906755148819,6.046308833665913,42.539703850442486,6.908498749537671,3.945425098851188,1.0895778421496396,20,6,11.229235317649554,2,synthetic_stressed,2024-01-07T15:00:00
82.39848297893951,56.07326553977405,62.03872421529889,57.29607346121959,71.97232898573401,27.061640266234747,0.1220989269573511,11.704231424266704,769.394176196039,3.8684182018755777,4.7309963527611805,361.04637584976376,215.9808905503676,6.089210274149502,62.03966438446093,8.612467301230637,65.0586265628505,19.056093891845027,4.516291493287277,0.5848228636283362,21,0,55.30567537660006,2,synthetic_stressed,2024-01-08T15:00:00
67.21950246915715,42.08885007600411,92.52632956071804,26.11627269854864,30.02637305724809,31.32534294050781,0.1661429138355297,5.225039242222534,833.4805770311125,5.953424534434427,4.396644116019223,273.725806081504,158.34463245602774,10.44091806850203,43.55383499940667,2.9748167462453634,92.80696119019544,15.091975387501888,3.5871843004118933,0.7367480319840785,14,1,85.01866573801536,2,synthetic_stressed,2024-01-09T15:00:00
80.00583151954257,84.42796134923594,72.1803450105405,62.1543152852193,77.00733415748262,19.10109177552153,0.1372669133838261,12.85493672496357,827.55957827108,0.5655435082127553,5.859172792337253,209.45171593298943,170.21614403719497,18.392309417044597,49.71763672588576,3.472936774829492,122.37675175957214,13.239709452337362,4.4979225269147305,0.7954646905149887,15,2,42.905375208034265,2,synthetic_stressed,2024-01-10T15:00:00
90.33491588352844,73.32126880831927,65.86151425115732,46.97093037851292,57.574429320223,38.34861689209288,0.2117596026659743,8.314722200512348,797.5451435915979,2.8515501663662297,4.960428630136118,267.401241278737,190.8424745421385,13.99950045551712,30.444138952060467,4.323270149791593,20.13257771857749,14.215490019693467,3.480941063858994,0.7077152056052155,16,3,14.68690020954934,2,synthetic_stressed,2024-01-11T15:00:00
88.65218380675721,36.70674379195053,80.87355010895799,47.87501692133628,72.91777450835446,8.038294525383613,0.2246488717242085,17.553839022793852,534.4287830853318,8.097263071635968,6.113328277007067,381.4870821027814,175.79878226261937,7.480964131854302,27.54437757542467,4.612541558995416,76.49478569093482,-3.221289547286819,4.274053215584495,0.8309858816545281,17,4,42.282596966429445,2,synthetic_stressed,2024-01-12T15:00:00
79.15468419975552,81.94055671040226,72.3378553488131,22.312033168367737,81.7024004218897,31.841829476080385,0.2239724677550424,13.374863831328202,624.8655464296377,6.702272977956978,5.551727752314744,284.9107665973877,141.91072930973212,13.460185537995793,34.7515925889225,4.039910752009126,92.915284934831,12.433329331150478,3.1080693734569005,0.7958869615201836,18,5,52.538216756059455,2,synthetic_stressed,2024-01-13T15:00:00
81.24631036262495,80.47258937446556,97.29432177431931,44.51442228796646,61.52840414445844,18.866196295550598,0.1504330934669545,5.424927038789244,652.083728336325,3.3598654402385133,4.91484340942261,283.08421237400086,147.67779920944812,7.026959730377424,33.44638775598204,4.234931026880732,123.58871290797356,22.437241297259,3.879077957396048,0.7390540574387121,19,6,43.129198681507305,2,synthetic_stressed,2024-01-14T15:00:00
59.32485106727749,36.22378581022176,112.38866996557236,51.72851665432005,61.417560937941225,20.640221345933178,0.2982119474657592,9.610120889692633,483.8274185533936,1.0865796280505764,3.570660510254042,330.72115714831654,168.46029737020712,8.205619584772048,31.52918360076208,1.2357583857794787,94.11341153951936,23.337071927712326,5.833475115392624,1.061224414533665,20,0,27.343106166305468,2,synthetic_stressed,2024-01-15T15:00:00
82.89388185377683,47.42979661608265,73.67544433061492,59.11754268845918,49.11848849625364,30.056296632398126,0.2081371450900875,10.895203597213072,869.2976893216384,4.465307751804753,5.47270060737821,222.53237372518257,244.54102484811528,16.25815246683892,48.81308265552683,5.260567110578873,62.98031664995656,16.454575361434404,4.204979794432943,0.6412374229598532,21,1,24.694615046933965,2,synthetic_stressed,2024-01-16T15:00:00
61.172941019786485,52.50558328466207,85.20763555056085,68.89159462188935,65.14124949453003,17.817298344490453,0.1957721851451294,11.994751442506994,553.526614155754,6.034886008598251,4.607442926666804,244.3741445738125,213.30112417641027,5.396075322324473,50.251853180328006,4.016063484531629,60.94540677979212,22.96240055164126,2.92231041180024,0.8321506347615538,14,2,33.55119007157276,2,synthetic_stressed,2024-01-17T15:00:00
68.84083656376293,45.416944389762506,93.27057743590647,49.18315646733871,37.522372188193486,22.279034695287947,0.1421201528104071,10.454362323693644,74.3860836248839,5.555908155868858,5.521898358679894,311.9145493154805,207.55577117240216,11.354227970397744,51.98317107399375,2.858516726572429,168.9508020139024,9.127744174913312,4.427612349487871,0.8675264186059017,15,3,49.34550731764426,2,synthetic_stressed,2024-01-18T15:00:00
83.82357932797738,77.91815771960506,53.182526994013216,65.60022776665849,48.0054159312208,46.40704870427085,0.25252987247775,13.195690810723196,641.4140859073157,10.16686339348158,6.260418870441429,282.9088904893192,177.3736727571131,11.338730345747726,41.6860201854517,5.754306929968816,59.25989345716246,14.83347925756216,4.609319168501274,0.9039844898942936,16,4,57.85412763666025,2,synthetic_stressed,2024-01-19T15:00:00
85.67657202968238,37.85335522374374,91.30605746971256,28.830811157056264,70.37258215990346,37.88611589821032,0.2491797433729939,14.985853766614376,910.7764933731772,4.302787337829995,5.199497679050077,212.45389672666676,175.8931018729524,10.413658633671778,65.28508024923202,3.987966562282393,133.58140421655392,12.488653014812847,4.243470078969592,0.7799353937518924,17,5,53.02040030588292,2,synthetic_stressed,2024-01-20T15:00:00
70.25559866430835,82.07360532773335,69.36126085684963,67.01694261960863,55.28231121108478,32.98850584841408,0.1692654467153779,7.783694734250516,535.4951254310274,5.923279953987016,4.51845433291093,236.3207515817005,247.59293985494253,12.0407074144326,38.41689088260035,5.659814124950756,165.41122063890245,17.90033367412799,3.2461222178329256,0.9085469991234156,18,6,51.86508633770309,2,synthetic_stressed,2024-01-21T15:00:00
72.86497563301197,33.24796441050344,64.1697337975805,50.74021979282478,61.42690440564296,31.24951161717569,0.1441040331675901,13.75438997302854,592.9045167001524,1.915519120073878,3.3027019231386348,201.0454544911453,198.6777555635205,21.147756474913912,37.449578920769824,7.505951063545025,112.4895134619461,22.98854717258095,5.200072841595617,0.6880775438147806,19,0,60.7148426634989,2,synthetic_stressed,2024-01-22T15:00:00
95.3995417287048,79.45786440714059,54.54206762076007,42.04052048878413,53.63788249152,28.28865209183594,0.1253771566300008,16.610795263040092,687.5030168522667,3.2187097716060946,6.162774598317888,318.61720292408035,169.71113277395455,14.200830238538227,54.49100062635157,5.853749914072083,94.3113844448884,10.344392784067583,3.752579365541869,0.5895261765231257,20,1,29.42427352744869,2,synthetic_stressed,2024-01-23T15:00:00
66.10667401023409,96.23256762467877,32.42895609089963,29.452306429694826,44.92417676586924,25.20443218501668,0.216452123181699,9.57248736824795,447.8541940713647,1.2167425337766522,5.62579254976603,216.5910218072076,157.56774796186056,13.394820135928155,35.47900702022015,4.021752318663902,93.19530213164572,7.322840058867525,5.365504067072237,0.9514198762093156,21,2,31.68140981733893,2,synthetic_stressed,2024-01-24T15:00:00
71.30806263114236,64.23101724935924,74.32649211718294,81.26222802441528,44.11676422428312,40.67839206498613,0.1539575575687953,12.747342359495924,390.857850320991,6.190500591199429,5.070513604404366,277.9101124723554,198.640615970124,15.279801321513306,46.14508519055291,3.780727670178752,113.65641469635938,5.873500303637504,1.2774831962436823,0.772729519550461,14,3,35.68304389016873,2,synthetic_stressed,2024-01-25T15:00:00
99.22671996674605,80.403530988787,68.73959235712876,39.73092834942503,64.79658441796795,43.54123358553227,0.2067398758653049,9.473803974997628,472.8543169052516,4.216491053947271,4.666525126126706,287.43457394196287,230.66542474396152,11.493844414655896,47.68554156103778,7.342859113461294,100.02780321502286,18.116370319459683,3.377065337314292,0.7553307007589004,15,4,66.90596292135916,2,synthetic_stressed,2024-01-26T15:00:00
78.77810976098294,64.28399098664362,65.9014444565774,49.83587113494694,54.52169968331986,22.42059857466122,0.1096832797692735,8.53599766692693,288.22954636594534,6.131229322178358,5.1365711876626285,251.04410005020617,253.6363861535561,5.069129333403826,46.555785990424766,6.538231380003845,74.25755573196946,22.71084320185391,4.6665380752255965,0.8180390225660308,16,5,36.66322857212572,2,synthetic_stressed,2024-01-27T15:00:00
62.301844593186814,56.103151299927696,86.53303119429687,32.61669667533829,66.80761698366118,14.233479730026414,0.1574695789773708,7.933310658504132,469.29249021376086,2.0862465524364824,4.304491897604256,199.28846167375093,162.21972657368005,13.001812800930123,43.65246943195064,3.828421529251351,35.29706132046127,8.165568296006317,4.351285098599746,0.8457415753463475,17,6,56.24549903784545,2,synthetic_stressed,2024-01-28T15:00:00
83.57932509838939,41.91954725828333,89.83686357756899,44.41353729165031,75.17733624000446,16.011670857499944,0.2026714125982311,11.826220289005336,738.3811142078924,2.1245459925798635,6.146712650515124,256.6995904363082,193.54500201050573,12.997382439265726,42.65729410991573,6.904606460559795,120.06569786762115,20.789720774371283,4.412565061968875,0.909578125513758,18,0,44.73917897686387,2,synthetic_stressed,2024-01-29T15:00:00
69.09887710785682,57.04893449715329,73.81026649052947,19.61700572330827,51.79178712713811,35.997389546759194,0.1795624022170146,2.874723660790467,574.7042385884539,4.76682468469089,4.779557904261428,272.367787056512,205.52534059186243,10.815619728697843,12.526591065803348,3.9226796582628713,125.8339834723314,20.410796174832715,2.752851285655166,0.489047023917625,19,1,13.561781897851564,2,synthetic_stressed,2024-01-30T15:00:00
97.92922861057322,52.52835252035857,77.65832310193456,57.76927471684985,43.66118507838751,9.826577181069782,0.2102676410439619,13.098101841645931,657.756023352489,2.7067601689610505,5.2645998528149365,225.15654119327732,222.6148810909229,6.31525969585067,28.41710573725718,-1.524009666570131,83.10931331351468,16.818248575942768,2.640670190133412,0.6294299129402564,20,2,21.315938052631708,2,synthetic_stressed,2024-01-31T15:00:00
76.12123537007182,58.95220282005216,94.74839808219882,55.58138644675737,24.197045596443264,22.70038064187182,0.1599075292139488,1.5006838150366004,450.7425378585482,3.873806337575306,3.954578078519222,314.0280485193796,123.92870424885795,5.51416495148534,62.3847293403805,3.870033789226266,114.1357707884402,20.631835347501053,2.6548962622942494,0.4728588691626587,21,3,53.33124912104349,2,synthetic_stressed,2024-01-32T15:00:00
69.46972020219023,42.02150572017052,49.72956847520192,50.92013998435301,74.26196000270664,22.399074490298933,0.1879257817140071,7.644945779881445,709.0139354057765,3.0014739969241875,6.723103297168982,296.264332975385,188.14379210058505,6.684479688797133,49.97814554443407,3.450685330491001,166.17127568746733,-1.0976016611595725,3.8438533845619376,0.8632126618000292,14,4,54.96804538045899,2,synthetic_stressed,2024-01-33T15:00:00
74.37684729948415,65.02357872227847,80.84771887427358,40.805617793636166,63.37135387470017,27.069233590577618,0.2129762506396666,12.378116002695805,459.2240834024472,3.73329189957346,4.477360175730289,229.67735193076305,213.5345462466046,9.335312116164436,40.27564383773955,5.063912503104366,85.65131725842814,2.786303186368329,3.773909075886257,0.8641461047917006,15,5,37.18536753743898,2,synthetic_stressed,2024-01-34T15:00:00
77.11945303734537,83.96061508815868,76.6640814562823,54.41515308220524,61.71210788927792,41.14550841662123,0.2007612797708787,6.304376003417918,391.9614864926437,2.247335966203419,4.783987280456456,428.19066175859,141.19001846060732,11.066358057050692,54.76590824469631,6.546575952068798,51.535037601723175,18.464206265399017,3.6556634978073896,0.962435640947826,16,6,40.49603073731975,2,synthetic_stressed,2024-01-35T15:00:00
