hold_time_mean,hold_time_std,hold_time_median,flight_time_mean,flight_time_std,typing_speed_wpm,error_rate,pause_frequency,pause_duration_mean,burst_length_mean,rhythm_entropy,mouse_speed_mean,mouse_speed_std,direction_change_rate,click_count,rage_click_count,scroll_velocity_std,tab_switch_freq,switch_entropy,session_fragmentation,hour_of_day,day_of_week,session_duration_min,label,user_id,timestamp,source_type,source_subject,label_origin,synthetic_generator_version
151.24167741935483,115.67301234900243,122.674,4551.299766666667,16429.360764736724,1.24,0.2580645161290322,4.0,31149.23725,7.75,3.549143808493323,0.0,30.0,27.540000000000003,8262.0,0.0,30.0,0.0,0.0,0.1290322580645161,12.0,4.0,5.0,1,user 1,2026-01-01T00:00:00+00:00,real,user 1,original_label,n/a
128.4063,25.53624451126248,130.14350000000002,3106.536833333333,22306.137319747748,2.4,0.0166666666666666,1.0,173001.006,60.0,7.120299223152278,0.0,0.0,0.0,0.0,0.0,30.0,0.0,0.0,0.0166666666666666,12.0,4.0,5.0,1,user 1,2026-01-01T00:10:00+00:00,real,user 1,original_label,n/a
14634.203689024394,135621.55270558302,135.138,1086.6195548780486,4626.527977668318,6.56,0.0304878048780487,9.0,15867.249777777775,18.22222222222222,4.244724955481339,0.0,0.0,0.0,0.0,0.0,30.0,0.0,0.0,0.0548780487804878,13.0,4.0,5.0,1,user 1,2026-01-01T00:20:00+00:00,real,user 1,original_label,n/a
41792.42644444444,345988.5844190485,144.115,3045.3810222222223,10695.612787917164,3.6,0.0555555555555555,21.0,11502.251190476189,4.285714285714286,3.492511006049714,0.0,0.0,0.0,0.0,0.0,30.0,0.0,0.0,0.2333333333333333,13.0,4.0,5.0,1,user 1,2026-01-01T00:30:00+00:00,real,user 1,original_label,n/a
129.86568852459015,83.89489729684182,120.1775,3419.726909836065,26826.200309151816,4.88,0.0327868852459016,6.0,65321.87483333333,20.33333333333333,7.812328688113527,0.0,0.0,0.0,0.0,0.0,30.0,0.0,0.0,0.0491803278688524,14.0,4.0,5.0,1,user 1,2026-01-01T00:40:00+00:00,real,user 1,original_label,n/a
199.46632,288.68704339773666,121.674,7290.749680000001,15456.976751519427,1.0,0.04,5.0,34305.6924,5.0,2.077246245946268,0.0,0.0,0.0,0.0,0.0,30.0,0.0,0.0,0.2,15.0,4.0,5.0,1,user 1,2026-01-01T00:50:00+00:00,real,user 1,original_label,n/a
254.6144545454545,443.3172666432785,140.1255,1580.366159090909,4719.263762235859,1.7600000000000002,0.0227272727272727,4.0,13920.7855,11.0,2.952054826686372,0.0,0.0,0.0,0.0,0.0,30.0,0.0,0.0,0.0909090909090909,16.0,4.0,5.0,1,user 1,2026-01-01T01:00:00+00:00,real,user 1,original_label,n/a
210.8048421052632,219.6497320331884,142.618,39751.94210526315,157634.62278583186,0.76,0.0,5.0,149760.846,3.8,3.85969255942496,0.0,0.0,0.0,0.0,0.0,30.0,0.0,0.0,0.2631578947368421,16.0,4.0,5.0,1,user 1,2026-01-01T01:10:00+00:00,real,user 1,original_label,n/a
254.54147222222224,282.8980790655872,149.599,4940.346888888889,9918.481657969263,1.44,0.0555555555555555,11.0,15224.02381818182,3.272727272727273,1.9795684437911152,0.0,0.0,0.0,0.0,0.0,30.0,0.0,0.0,0.3055555555555556,11.0,0.0,5.0,1,user 1,2026-01-01T01:20:00+00:00,real,user 1,original_label,n/a
11880.546692307693,41594.97073287796,174.53199999999998,34185.44699999999,91054.50035233409,0.52,0.0,3.0,147216.39866666668,4.333333333333333,2.5590519328995027,0.0,0.0,0.0,0.0,0.0,30.0,0.0,0.0,0.2307692307692307,12.0,0.0,5.0,1,user 1,2026-01-01T01:30:00+00:00,real,user 1,original_label,n/a
128601.02657142856,339659.7793484329,123.667,37484.49471428571,72738.16324962873,0.2799999999999999,0.0,2.0,130459.2025,3.5,1.7965415852698832,0.0,0.0,0.0,0.0,0.0,30.0,0.0,0.0,0.2857142857142857,12.0,0.0,5.0,1,user 1,2026-01-01T01:40:00+00:00,real,user 1,original_label,n/a
23663.099,170345.48310049687,163.563,7849.726999999999,46400.42651708136,3.08,0.0649350649350649,14.0,41311.263285714274,5.5,5.872578803103041,0.0,0.0,0.0,0.0,0.0,30.0,0.0,0.0,0.1818181818181818,13.0,0.0,5.0,1,user 1,2026-01-01T01:50:00+00:00,real,user 1,original_label,n/a
308795.9954,689079.3566591804,228.389,14293.021599999998,31012.35615104183,0.2,0.0,1.0,69766.65,5.0,1.9406879367246817,0.0,0.0,0.0,0.0,0.0,30.0,0.0,0.0,0.2,13.0,0.0,5.0,1,user 1,2026-01-01T02:00:00+00:00,real,user 1,original_label,n/a
2462.589744186047,26156.44381317668,141.59199999999998,4517.436379844962,26616.818897563626,5.16,0.1317829457364341,15.0,35929.16006666666,8.6,5.86913682689229,0.0,0.0,0.0,0.0,0.0,30.0,0.0,0.0,0.1162790697674418,14.0,0.0,5.0,1,user 1,2026-01-01T02:10:00+00:00,real,user 1,original_label,n/a
125.05767857142858,28.321124441547127,124.668,18890.274285714288,98896.4528241614,1.12,0.0,1.0,523511.176,28.0,5.140972932587102,0.0,0.0,0.0,0.0,0.0,30.0,0.0,0.0,0.0357142857142857,11.0,1.0,5.0,1,user 1,2026-01-01T02:20:00+00:00,real,user 1,original_label,n/a
28387.09176282051,335813.78549976257,136.6345,1924.081794871795,6965.562406046682,6.24,0.1153846153846153,22.0,11847.613090909088,7.090909090909091,3.608578913228851,0.0,0.0,0.0,0.0,0.0,30.0,0.0,0.0,0.141025641025641,11.0,1.0,5.0,1,user 1,2026-01-01T02:30:00+00:00,real,user 1,original_label,n/a
27061.972764705893,270334.9282730469,155.583,2927.8413823529418,7448.7047767573295,4.08,0.0686274509803921,25.0,10739.93928,4.08,2.531592601990853,0.0,0.0,0.0,0.0,0.0,30.0,0.0,0.0,0.2450980392156862,12.0,1.0,5.0,1,user 1,2026-01-01T02:40:00+00:00,real,user 1,original_label,n/a
570377.6158749998,2280796.114668806,142.12,27104.5290625,98475.61976971266,0.64,0.1875,3.0,142528.25333333333,5.333333333333333,3.5178109394199235,0.0,0.0,0.0,0.0,0.0,30.0,0.0,0.0,0.1875,13.0,1.0,5.0,1,user 1,2026-01-01T02:50:00+00:00,real,user 1,original_label,n/a
150.99790721649484,139.81273102723293,126.66,3507.267845360825,14934.189415891437,3.88,0.0927835051546391,10.0,31676.1115,9.7,4.236063591610801,0.0,0.0,0.0,0.0,0.0,30.0,0.0,0.0,0.1030927835051546,14.0,1.0,5.0,1,user 1,2026-01-01T03:00:00+00:00,real,user 1,original_label,n/a
73883.57042465755,595093.870179028,141.622,13956.596493150684,93184.00827387696,2.92,0.0958904109589041,12.0,82173.84775000002,6.083333333333333,6.630811517023892,0.0,0.0,0.0,0.0,0.0,30.0,0.0,0.0,0.1643835616438356,14.0,1.0,5.0,1,user 1,2026-01-01T03:10:00+00:00,real,user 1,original_label,n/a
388.95975,680.5714578738223,159.075,261339.657625,732448.4384435829,0.32,0.0,2.0,1044240.6225,4.0,2.6216563676550333,0.0,0.0,0.0,0.0,0.0,30.0,0.0,0.0,0.25,15.0,1.0,5.0,1,user 1,2026-01-01T03:20:00+00:00,real,user 1,original_label,n/a
115.79814285714284,39.66269753878208,120.6765,15199.34225,65127.50477308452,1.12,0.0714285714285714,3.0,138835.52166666667,9.333333333333334,4.2076781378895936,0.0,0.0,0.0,0.0,0.0,30.0,0.0,0.0,0.1071428571428571,15.0,1.0,5.0,1,user 1,2026-01-01T03:30:00+00:00,real,user 1,original_label,n/a
100.85475,38.03197327719327,105.718,56311.675625,157924.9419020696,0.32,0.375,1.0,447154.34,8.0,2.623350392548918,0.0,0.0,0.0,0.0,0.0,30.0,0.0,0.0,0.125,16.0,1.0,5.0,1,user 1,2026-01-01T03:40:00+00:00,real,user 1,original_label,n/a
123.09200000000004,43.44888308882827,127.667,12400.774210526317,51449.80205526469,0.76,0.2105263157894736,2.0,113496.8915,9.5,4.038260772081536,0.0,0.0,0.0,0.0,0.0,30.0,0.0,0.0,0.1052631578947368,17.0,1.0,5.0,1,user 1,2026-01-01T03:50:00+00:00,real,user 1,original_label,n/a
121.12957575757576,31.99649054391581,122.671,11465.193727272728,44876.39990862289,1.3199999999999998,0.0909090909090909,2.0,185282.1165,16.5,3.8543809068989368,0.0,0.0,0.0,0.0,0.0,30.0,0.0,0.0,0.0606060606060606,17.0,1.0,5.0,1,user 1,2026-01-01T04:00:00+00:00,real,user 1,original_label,n/a
222.28,137.77537994141042,207.562,158.321,70.61519461607867,0.2,0.0,0.0,0.0,5.0,0.3862693668604054,0.0,30.0,39.16333333333333,11749.0,0.0,30.0,0.0,0.0,0.0,8.0,1.0,5.0,1,user 2,2026-01-01T04:10:00+00:00,real,user 2,original_label,n/a
629.4758750000001,587.7659047189834,417.452,343377.66362500004,954181.4426598244,0.32,0.125,5.0,549082.9931999999,1.6,2.59933916897821,0.0,30.0,35.95333333333333,10786.0,0.0,30.0,0.0,0.0,0.625,9.0,1.0,5.0,1,user 2,2026-01-01T04:20:00+00:00,real,user 2,original_label,n/a
4015.679111111111,10463.87294384907,430.59,36326.45133333333,56385.67916233871,0.36,0.0,6.0,54071.75533333333,1.5,1.4634220018407786,0.0,0.0,0.0,0.0,0.0,30.0,0.0,0.0,0.6666666666666666,10.0,1.0,5.0,1,user 2,2026-01-01T04:30:00+00:00,real,user 2,original_label,n/a
211.1370555555556,475.2911646913949,82.983,6292.674666666667,19218.826793716515,0.72,0.0,2.0,54419.8565,9.0,2.968108699022868,0.0,0.0,0.0,0.0,0.0,30.0,0.0,0.0,0.1111111111111111,11.0,1.0,5.0,1,user 2,2026-01-01T04:40:00+00:00,real,user 2,original_label,n/a
539.9677692307691,600.280993230291,215.3135,14317.024807692307,66724.91612800793,1.04,0.0,2.0,176304.0985,13.0,4.570025142868227,0.0,0.0,0.0,0.0,0.0,30.0,0.0,0.0,0.0769230769230769,11.0,1.0,5.0,1,user 2,2026-01-01T04:50:00+00:00,real,user 2,original_label,n/a
453.8376363636364,529.204858642255,188.463,5759.521309090907,12225.022366214464,2.2,0.0181818181818181,18.0,16593.129166666666,3.055555555555556,2.1031914524971693,0.0,0.0,0.0,0.0,0.0,30.0,0.0,0.0,0.3272727272727272,12.0,1.0,5.0,1,user 2,2026-01-01T05:00:00+00:00,real,user 2,original_label,n/a
567.3400454545455,847.9228435136278,181.94,13459.019681818185,31137.47008006049,0.8800000000000001,0.0,6.0,47914.0345,3.6666666666666665,2.2603110177043737,0.0,0.0,0.0,0.0,0.0,30.0,0.0,0.0,0.2727272727272727,13.0,1.0,5.0,1,user 2,2026-01-01T05:10:00+00:00,real,user 2,original_label,n/a
272.3190909090909,414.2356275588701,126.477,22673.53936363637,56777.50524151277,0.44,0.0,4.0,61686.63175,2.75,2.387594909213848,0.0,0.0,0.0,0.0,0.0,30.0,0.0,0.0,0.3636363636363636,14.0,1.0,5.0,1,user 2,2026-01-01T05:20:00+00:00,real,user 2,original_label,n/a
293.03657333333337,520.1555606517118,114.251,4155.836613333333,15063.96505276902,3.0,0.0266666666666666,13.0,22256.112615384613,5.769230769230769,3.6005269229850314,0.0,0.0,0.0,0.0,0.0,30.0,0.0,0.0,0.1733333333333333,15.0,1.0,5.0,1,user 2,2026-01-01T05:30:00+00:00,real,user 2,original_label,n/a
163.66645,167.7367645783353,117.674,2404594.4983,10749325.4438596,0.8,0.05,3.0,16027980.748666666,6.666666666666667,4.357136495188406,0.0,0.0,0.0,0.0,0.0,30.0,0.0,0.0,0.15,8.0,2.0,5.0,1,user 2,2026-01-01T05:40:00+00:00,real,user 2,original_label,n/a
132.63925,48.237624466188485,136.22699999999998,84959.2515,522474.0779301449,1.6,0.025,7.0,482888.6902857144,5.714285714285714,6.072344167551692,0.0,0.0,0.0,0.0,0.0,30.0,0.0,0.0,0.175,9.0,2.0,5.0,1,user 2,2026-01-01T05:50:00+00:00,real,user 2,original_label,n/a
414.6097500000001,375.1739357091285,206.5235,31023.53708333333,101235.88090917488,0.48,0.0,3.0,121586.31066666666,4.0,3.124272271072134,0.0,0.0,0.0,0.0,0.0,30.0,0.0,0.0,0.25,10.0,2.0,5.0,1,user 2,2026-01-01T06:00:00+00:00,real,user 2,original_label,n/a
547.917875,1035.015668482718,230.454,5974.466325000001,20276.032213294904,1.6,0.175,10.0,21980.407,4.0,3.3510905478061765,0.0,0.0,0.0,0.0,0.0,30.0,0.0,0.0,0.25,13.0,2.0,5.0,1,user 2,2026-01-01T06:10:00+00:00,real,user 2,original_label,n/a
534.1495555555555,1200.5768107567203,135.783,175897.95833333334,511012.9408512766,0.36,0.0,3.0,526145.4653333334,3.0,2.739017698471621,0.0,0.0,0.0,0.0,0.0,30.0,0.0,0.0,0.3333333333333333,15.0,2.0,5.0,1,user 2,2026-01-01T06:20:00+00:00,real,user 2,original_label,n/a
292.1500967741936,343.6517832610247,153.79950000000002,4873.467999999999,17037.203595220628,2.48,0.0161290322580645,10.0,27218.631,6.2,3.467602179641585,0.0,0.0,0.0,0.0,0.0,30.0,0.0,0.0,0.1612903225806451,15.0,2.0,5.0,1,user 2,2026-01-01T06:30:00+00:00,real,user 2,original_label,n/a
268.38440322580647,530.0306171762098,119.6375,1920.6947983870969,4407.7025955334775,4.96,0.1370967741935483,20.0,9314.3932,6.2,2.2855758379802467,0.0,0.0,0.0,0.0,0.0,30.0,0.0,0.0,0.1612903225806451,16.0,2.0,5.0,1,user 2,2026-01-01T06:40:00+00:00,real,user 2,original_label,n/a
407.8562580645162,500.35274584270167,194.279,10798.580032258064,27470.243876938817,1.24,0.1935483870967742,10.0,32416.1077,3.1,2.502508977471809,0.0,0.0,0.0,0.0,0.0,30.0,0.0,0.0,0.3225806451612903,16.0,2.0,5.0,1,user 2,2026-01-01T06:50:00+00:00,real,user 2,original_label,n/a
118.54266666666666,51.875682286276174,116.204,165977.2644,640902.5986685778,0.6,0.0666666666666666,1.0,2482701.405,15.0,3.730455111223538,0.0,0.0,0.0,0.0,0.0,30.0,0.0,0.0,0.0666666666666666,9.0,3.0,5.0,1,user 2,2026-01-01T07:00:00+00:00,real,user 2,original_label,n/a
128.38539130434782,127.84735706008551,100.577,13783.283217391305,64400.09016360097,0.92,0.0434782608695652,1.0,309203.51,23.0,4.569631902056591,0.0,0.0,0.0,0.0,0.0,30.0,0.0,0.0,0.0434782608695652,10.0,3.0,5.0,1,user 2,2026-01-01T07:10:00+00:00,real,user 2,original_label,n/a
105.03024,38.86445321807577,102.53,9540.405080000002,41566.42729951799,1.0,0.0,3.0,76445.62866666667,8.333333333333334,4.268855943140393,0.0,0.0,0.0,0.0,0.0,30.0,0.0,0.0,0.12,10.0,3.0,5.0,1,user 2,2026-01-01T07:20:00+00:00,real,user 2,original_label,n/a
321.6684655172414,289.3717543002072,197.2825,8531.677896551724,33350.26556851835,2.32,0.0344827586206896,15.0,31651.68406666666,3.866666666666666,3.875147848574164,0.0,0.0,0.0,0.0,0.0,30.0,0.0,0.0,0.2586206896551724,12.0,3.0,5.0,1,user 2,2026-01-01T07:30:00+00:00,real,user 2,original_label,n/a
273.00155970149257,393.2499682799773,132.8015,2234.983850746269,13084.096553631009,5.36,0.0895522388059701,18.0,12957.533333333333,7.444444444444445,5.832339176673743,0.0,0.0,0.0,0.0,0.0,30.0,0.0,0.0,0.1343283582089552,12.0,3.0,5.0,1,user 2,2026-01-01T07:40:00+00:00,real,user 2,original_label,n/a
537.847,675.1093683794253,171.866,325031.1968571427,825462.511715721,0.2799999999999999,0.0,3.0,757786.2076666666,2.333333333333333,2.351250564083678,0.0,0.0,0.0,0.0,0.0,30.0,0.0,0.0,0.4285714285714285,13.0,3.0,5.0,1,user 2,2026-01-01T07:50:00+00:00,real,user 2,original_label,n/a
406.78875,598.5159447967391,166.49650000000003,258049.164875,1020750.3912631886,0.64,0.0,3.0,1373462.545,5.333333333333333,3.830034935311699,0.0,0.0,0.0,0.0,0.0,30.0,0.0,0.0,0.1875,15.0,3.0,5.0,1,user 2,2026-01-01T08:00:00+00:00,real,user 2,original_label,n/a
134.41724390243905,182.3631148177683,97.1845,3941.4530853658543,23718.812201611065,3.28,0.0609756097560975,3.0,97541.63333333336,27.33333333333333,5.980977355911174,0.0,0.0,0.0,0.0,0.0,30.0,0.0,0.0,0.0365853658536585,8.0,4.0,5.0,1,user 2,2026-01-01T08:10:00+00:00,real,user 2,original_label,n/a
495.6035,384.8135214088768,339.82050000000004,39197.28883333333,69577.31244874788,0.24,0.0,3.0,78157.316,2.0,1.6203953833305391,0.0,0.0,0.0,0.0,0.0,30.0,0.0,0.0,0.5,10.0,4.0,5.0,1,user 2,2026-01-01T08:20:00+00:00,real,user 2,original_label,n/a
177.2646063829787,273.2096901754157,125.4785,3669.8020744680857,11590.23488089557,3.76,0.0106382978723404,18.0,16800.385,5.222222222222222,3.1414282351407445,0.0,0.0,0.0,0.0,0.0,30.0,0.0,0.0,0.1914893617021276,10.0,4.0,5.0,1,user 2,2026-01-01T08:30:00+00:00,real,user 2,original_label,n/a
228.2703333333333,417.31972126415104,116.232,3901.99475,10286.886883998435,2.4,0.0166666666666666,13.0,16243.40653846154,4.615384615384615,2.6142532957425995,0.0,0.0,0.0,0.0,0.0,30.0,0.0,0.0,0.2166666666666666,11.0,4.0,5.0,1,user 2,2026-01-01T08:40:00+00:00,real,user 2,original_label,n/a
312.4003478260869,206.1471042454456,202.153,11189275.940956522,53636184.15355276,0.92,0.0,4.0,64335137.37225,5.75,4.688169567640619,0.0,0.0,0.0,0.0,0.0,30.0,0.0,0.0,0.1739130434782608,11.0,0.0,5.0,1,user 2,2026-01-01T08:50:00+00:00,real,user 2,original_label,n/a
854.1535882352941,1410.7179578617522,313.461,19055.36347058824,34011.302403983274,0.6799999999999999,0.0,9.0,35718.522666666664,1.8888888888888888,1.731575994251066,0.0,0.0,0.0,0.0,0.0,30.0,0.0,0.0,0.5294117647058824,12.0,0.0,5.0,1,user 2,2026-01-01T09:00:00+00:00,real,user 2,original_label,n/a
282.5301134020619,509.2998177675912,136.709,7298.921103092785,58959.956171768994,3.88,0.0103092783505154,9.0,73987.30133333332,10.77777777777778,8.036153657183418,0.0,0.0,0.0,0.0,0.0,30.0,0.0,0.0,0.0927835051546391,12.0,0.0,5.0,1,user 2,2026-01-01T09:10:00+00:00,real,user 2,original_label,n/a
198.6724090909092,368.21180622902864,87.8845,15816.033999999998,46348.52006052244,0.8800000000000001,0.0454545454545454,5.0,67935.97360000001,4.4,2.8631004710938,0.0,0.0,0.0,0.0,0.0,30.0,0.0,0.0,0.2272727272727272,13.0,0.0,5.0,1,user 2,2026-01-01T09:20:00+00:00,real,user 2,original_label,n/a
324.9041034482758,505.671484474099,106.439,10695.338931034485,31179.016050014823,1.16,0.0344827586206896,7.0,42651.303,4.142857142857143,2.864493694192948,0.0,0.0,0.0,0.0,0.0,30.0,0.0,0.0,0.2413793103448276,14.0,0.0,5.0,1,user 2,2026-01-01T09:30:00+00:00,real,user 2,original_label,n/a
218.8097692307692,307.7328781622556,105.461,127375.72115384616,455043.1198231829,0.52,0.2307692307692307,2.0,825368.1369999999,6.5,3.43229686249167,0.0,0.0,0.0,0.0,0.0,30.0,0.0,0.0,0.1538461538461538,15.0,0.0,5.0,1,user 2,2026-01-01T09:40:00+00:00,real,user 2,original_label,n/a
3621.9458133333337,29000.090776335444,156.243,2987.100506666666,6093.640652839417,3.0,0.1333333333333333,21.0,9447.86919047619,3.571428571428572,2.026339603812899,0.0,0.0,0.0,0.0,0.0,30.0,0.0,0.0,0.28,16.0,0.0,5.0,1,user 2,2026-01-01T09:50:00+00:00,real,user 2,original_label,n/a
218.83763157894737,238.90402683393148,123.036,29193.93115789473,123579.22990181056,0.76,0.0,3.0,182626.81366666665,6.333333333333333,4.120143639818585,0.0,0.0,0.0,0.0,0.0,30.0,0.0,0.0,0.1578947368421052,16.0,0.0,5.0,1,user 2,2026-01-01T10:00:00+00:00,real,user 2,original_label,n/a
607.3307368421055,1046.3520346227142,172.837,3046033.455578947,13265660.598061282,0.76,0.0,7.0,8266829.708571428,2.7142857142857144,4.238904816717147,0.0,0.0,0.0,0.0,0.0,30.0,0.0,0.0,0.3684210526315789,9.0,1.0,5.0,1,user 2,2026-01-01T10:10:00+00:00,real,user 2,original_label,n/a
480.1744375,599.527543159981,153.31400000000002,16577.98535416667,82952.10523217676,1.92,0.0208333333333333,16.0,48582.5406875,3.0,4.951353925721271,0.0,0.0,0.0,0.0,0.0,30.0,0.0,0.0,0.3333333333333333,9.0,1.0,5.0,1,user 2,2026-01-01T10:20:00+00:00,real,user 2,original_label,n/a
265.15445132743366,1352.1967402831558,102.538,2639.957867256637,13405.824952074732,4.5200000000000005,0.4070796460176991,10.0,26705.0985,11.3,5.055525881712638,0.0,0.0,0.0,0.0,0.0,30.0,0.0,0.0,0.0884955752212389,10.0,1.0,5.0,1,user 2,2026-01-01T10:30:00+00:00,real,user 2,original_label,n/a
188.75389655172413,324.95936440439897,95.6955,3032.818724137931,15976.463245149978,4.64,0.0344827586206896,12.0,26402.811666666665,9.666666666666666,5.245104165215853,0.0,0.0,0.0,0.0,0.0,30.0,0.0,0.0,0.1034482758620689,11.0,1.0,5.0,1,user 2,2026-01-01T10:40:00+00:00,real,user 2,original_label,n/a
1887.910023529413,14585.55443327606,115.28,3861.452047058824,15241.599197074424,3.4,0.1176470588235294,11.0,26637.90909090909,7.727272727272727,3.923828986718069,0.0,0.0,0.0,0.0,0.0,30.0,0.0,0.0,0.1294117647058823,12.0,1.0,5.0,1,user 2,2026-01-01T10:50:00+00:00,real,user 2,original_label,n/a
268.36237113402063,458.043269530004,112.298,3602.2802886597933,13131.157444795914,3.88,0.1546391752577319,18.0,17317.006722222224,5.388888888888889,3.626396244858922,0.0,0.0,0.0,0.0,0.0,30.0,0.0,0.0,0.1855670103092783,12.0,1.0,5.0,1,user 2,2026-01-01T11:00:00+00:00,real,user 2,original_label,n/a
181.5058648648649,302.8772250243442,93.7435,3083.105445945946,8691.574249707208,2.96,0.1216216216216216,16.0,12780.657437500002,4.625,2.7999845592398067,0.0,0.0,0.0,0.0,0.0,30.0,0.0,0.0,0.2162162162162162,13.0,1.0,5.0,1,user 2,2026-01-01T11:10:00+00:00,real,user 2,original_label,n/a
390.74292,511.827503233749,167.711,12671.405800000002,45094.33807973291,1.0,0.12,9.0,34247.58477777778,2.7777777777777777,3.4868465370717625,0.0,0.0,0.0,0.0,0.0,30.0,0.0,0.0,0.36,15.0,1.0,5.0,1,user 2,2026-01-01T11:20:00+00:00,real,user 2,original_label,n/a
915.6961585365852,8899.791772876619,101.551,1846.7646890243905,4134.331044885529,6.56,0.2317073170731707,32.0,7526.679437500001,5.125,2.2318528875520824,0.0,0.0,0.0,0.0,0.0,30.0,0.0,0.0,0.1951219512195122,15.0,1.0,5.0,1,user 2,2026-01-01T11:30:00+00:00,real,user 2,original_label,n/a
129.85377502441406,14.853918075561523,84.65716552734375,139.2613525390625,45.194366455078125,40.98975372314453,0.046550262719392776,0.7088194489479065,3490.94482421875,20.299713134765625,1.6640620231628418,414.3658752441406,88.35677337646484,0.4506441354751587,14.535726547241211,0.0,4.111660003662109,2.938805341720581,1.0016674995422363,0.11104796826839447,5.0,0.0,66.51082611083984,0,synthetic_neutral,2026-01-01T11:40:00+00:00,synthetic,synthetic_neutral,generator_label,"current (synthetic_data.py, seed=42)"
70.42955780029297,19.662174224853516,112.15717315673828,170.13787841796875,40.4482307434082,52.79601287841797,0.06452527642250061,2.2978971004486084,2173.35986328125,42.73706817626953,1.0911294221878052,426.88018798828125,114.84380340576172,0.3747079372406006,14.557438850402832,0.04207634553313255,5.253857612609863,2.6513447761535645,1.0162413120269775,0.2131195068359375,15.0,1.0,0.0,0,synthetic_neutral,2026-01-01T11:50:00+00:00,synthetic,synthetic_neutral,generator_label,"current (synthetic_data.py, seed=42)"
87.24520111083984,12.190789222717285,86.00988006591797,72.8036117553711,44.70967102050781,47.76201629638672,0.07650744169950485,0.6838800311088562,2927.06005859375,24.571123123168945,2.477936267852783,273.2376403808594,85.6750717163086,0.137354776263237,12.359870910644531,0.0,0.33420106768608093,4.152257442474365,1.428533673286438,0.2683607339859009,14.0,1.0,54.838138580322266,0,synthetic_neutral,2026-01-01T12:00:00+00:00,synthetic,synthetic_neutral,generator_label,"current (synthetic_data.py, seed=42)"
119.05748748779297,13.342843055725098,86.0772933959961,75.3853759765625,39.989288330078125,71.51437377929688,0.06578114628791809,2.2139928340911865,3828.951416015625,25.791330337524414,2.0924036502838135,225.40155029296875,59.70647048950195,0.41969406604766846,26.073759078979492,0.0,9.138001441955566,2.617875337600708,1.147133469581604,0.24133796989917755,7.0,0.0,43.91808319091797,0,synthetic_neutral,2026-01-01T12:10:00+00:00,synthetic,synthetic_neutral,generator_label,"current (synthetic_data.py, seed=42)"
91.07132720947266,21.755571365356445,64.12676239013672,95.03788757324219,34.978919982910156,64.4023208618164,0.04099162295460701,3.363834857940674,1771.128173828125,17.901485443115234,2.0275719165802,393.0892639160156,74.54371643066406,0.35383227467536926,24.98493194580078,0.5724929571151733,4.886559963226318,2.394003391265869,1.204548954963684,0.22785983979701996,15.0,0.0,26.83736228942871,0,synthetic_neutral,2026-01-01T12:20:00+00:00,synthetic,synthetic_neutral,generator_label,"current (synthetic_data.py, seed=42)"
90.12487030029297,15.503954887390137,122.77052307128906,100.91404724121094,47.13298034667969,83.18160247802734,0.05949382483959198,2.6964828968048096,5402.1220703125,20.7932186126709,1.3176156282424927,242.68629455566406,124.2017822265625,0.17292752861976624,13.699418067932129,0.0,3.9900431632995605,5.258091926574707,1.2782539129257202,0.3234729766845703,11.0,3.0,35.78801727294922,0,synthetic_neutral,2026-01-01T12:30:00+00:00,synthetic,synthetic_neutral,generator_label,"current (synthetic_data.py, seed=42)"
108.5661392211914,6.285262584686279,89.73035430908203,105.78351593017578,38.870296478271484,70.38365173339844,0.08711957931518555,0.6636435985565186,2949.136474609375,37.29170227050781,2.505554676055908,176.05325317382812,69.04718017578125,0.27929866313934326,25.085424423217773,0.3068249821662903,5.231100559234619,3.47904109954834,1.2177321910858154,0.22175012528896332,15.0,0.0,80.93362426757812,0,synthetic_neutral,2026-01-01T12:40:00+00:00,synthetic,synthetic_neutral,generator_label,"current (synthetic_data.py, seed=42)"
111.3796615600586,15.899571418762207,79.90948486328125,141.1654052734375,34.52781677246094,82.09784698486328,0.04732680693268776,3.009875774383545,2780.551025390625,25.14206314086914,1.998016357421875,294.6297912597656,136.19720458984375,0.2684635818004608,9.510385513305664,0.0,0.30181264877319336,5.732223987579346,0.7978058457374573,0.2386014312505722,10.0,2.0,32.47084426879883,0,synthetic_neutral,2026-01-01T12:50:00+00:00,synthetic,synthetic_neutral,generator_label,"current (synthetic_data.py, seed=42)"
50.01188659667969,16.365053176879883,85.25348663330078,117.55097198486328,52.55226135253906,36.60543441772461,0.0,1.9004117250442505,2152.137939453125,36.83613586425781,1.8416059017181396,397.1584777832031,131.06285095214844,0.241165891289711,32.35774612426758,0.0,5.337043285369873,2.3066022396087646,0.6588969230651855,0.2909621000289917,14.0,1.0,19.419591903686523,0,synthetic_neutral,2026-01-01T13:00:00+00:00,synthetic,synthetic_neutral,generator_label,"current (synthetic_data.py, seed=42)"
130.07986450195312,23.326759338378906,82.6388168334961,110.28057098388672,39.678138732910156,80.91697692871094,0.020752284675836563,1.9436761140823364,3836.7822265625,25.494068145751953,2.736790895462036,248.27267456054688,109.13875579833984,0.32586655020713806,23.793594360351562,0.6402302980422974,1.687829613685608,2.0327303409576416,1.3431731462478638,0.2224155068397522,20.0,4.0,3.088754415512085,0,synthetic_neutral,2026-01-01T13:10:00+00:00,synthetic,synthetic_neutral,generator_label,"current (synthetic_data.py, seed=42)"
94.37345123291016,18.450368881225586,96.86087799072266,100.22821044921875,44.00431823730469,62.11582565307617,0.08367986977100372,0.9975733160972595,2072.9716796875,25.588417053222656,1.260299801826477,308.6247253417969,86.25875854492188,0.4134656488895416,24.08384132385254,0.0,0.7837066054344177,2.409571886062622,0.9854364395141602,0.2865268290042877,12.0,1.0,69.89151000976562,0,synthetic_neutral,2026-01-01T13:20:00+00:00,synthetic,synthetic_neutral,generator_label,"current (synthetic_data.py, seed=42)"
99.93251037597656,8.089912414550781,76.55448913574219,136.13951110839844,49.11262130737305,52.89616775512695,0.06845017522573471,1.495399832725525,4086.994873046875,27.385406494140625,1.5639015436172485,368.32379150390625,108.74869537353516,0.2581084370613098,13.23375129699707,0.35101133584976196,9.876967430114746,2.416938543319702,1.2807371616363525,0.20103152096271515,0.0,0.0,25.373798370361328,0,synthetic_neutral,2026-01-01T13:30:00+00:00,synthetic,synthetic_neutral,generator_label,"current (synthetic_data.py, seed=42)"
114.9250717163086,9.232538223266602,67.32125854492188,83.61778259277344,40.947383880615234,66.03396606445312,0.04202832654118538,3.243255138397217,2904.41748046875,22.337265014648438,2.1747422218322754,234.6123809814453,100.2703628540039,0.2349918782711029,7.888023376464844,0.16860714554786682,8.804563522338867,4.945916175842285,0.8744654655456543,0.1331271082162857,2.0,1.0,52.50461196899414,0,synthetic_neutral,2026-01-01T13:40:00+00:00,synthetic,synthetic_neutral,generator_label,"current (synthetic_data.py, seed=42)"
102.28455352783203,26.94186019897461,106.59758758544922,116.59254455566406,48.016395568847656,26.75691032409668,0.03749915584921837,0.9935874938964844,3992.935302734375,27.12968635559082,1.6558297872543335,380.89044189453125,94.72465515136719,0.2266283482313156,17.558568954467773,0.0,4.030453681945801,3.9529621601104736,0.9182358980178833,0.1621188074350357,7.0,0.0,45.699851989746094,0,synthetic_neutral,2026-01-01T13:50:00+00:00,synthetic,synthetic_neutral,generator_label,"current (synthetic_data.py, seed=42)"
108.0996322631836,14.712410926818848,107.17713165283203,112.01361083984375,50.46879196166992,57.40396499633789,0.04209081828594208,1.0484083890914917,3837.52783203125,18.024879455566406,1.2655353546142578,259.2234802246094,147.46803283691406,0.4544169306755066,15.671950340270996,0.29916587471961975,6.563162326812744,3.571312665939331,0.5839416980743408,0.23976457118988037,3.0,1.0,35.91215515136719,0,synthetic_neutral,2026-01-01T14:00:00+00:00,synthetic,synthetic_neutral,generator_label,"current (synthetic_data.py, seed=42)"
89.29529571533203,14.292351722717285,115.66563415527344,109.71846771240234,50.26013946533203,95.45818328857422,0.03531359136104584,1.7334315776824951,2507.05322265625,10.367210388183594,1.767418622970581,252.16477966308594,127.47030639648438,0.35405635833740234,15.777122497558594,0.0,5.954706192016602,3.750208854675293,1.0768758058547974,0.1585277020931244,12.0,1.0,38.57484436035156,0,synthetic_neutral,2026-01-01T14:10:00+00:00,synthetic,synthetic_neutral,generator_label,"current (synthetic_data.py, seed=42)"
92.75118255615234,18.718259811401367,103.21440887451172,121.98282623291016,26.787662506103516,66.2056884765625,0.029550882056355476,0.4318813979625702,2375.5849609375,28.13480567932129,1.3990856409072876,279.6804504394531,175.91896057128906,0.3224004805088043,20.065019607543945,0.0,5.508664131164551,0.6167452335357666,1.1208473443984985,0.20522242784500122,4.0,3.0,7.604028224945068,0,synthetic_neutral,2026-01-01T14:20:00+00:00,synthetic,synthetic_neutral,generator_label,"current (synthetic_data.py, seed=42)"
76.1739273071289,11.750865936279297,102.84705352783203,100.21513366699219,41.51847457885742,62.0968132019043,0.0388343520462513,3.150085210800171,2879.325927734375,17.388080596923828,1.0539568662643433,288.6868591308594,101.74405670166016,0.32692331075668335,11.690035820007324,0.14892730116844177,6.707521915435791,3.6139883995056152,1.3620271682739258,0.28165340423583984,19.0,1.0,59.87233352661133,0,synthetic_neutral,2026-01-01T14:30:00+00:00,synthetic,synthetic_neutral,generator_label,"current (synthetic_data.py, seed=42)"
79.51224517822266,13.541207313537598,93.44591522216797,103.45452880859375,39.16819381713867,30.595069885253906,0.02000807784497738,0.992950975894928,3397.259033203125,24.0432071685791,2.7025318145751953,155.72796630859375,119.37969970703125,0.2174646407365799,19.149507522583008,0.0,2.676292896270752,1.2275583744049072,0.7048429250717163,0.289378821849823,16.0,2.0,69.98869323730469,0,synthetic_neutral,2026-01-01T14:40:00+00:00,synthetic,synthetic_neutral,generator_label,"current (synthetic_data.py, seed=42)"
71.56378936767578,7.342323303222656,73.43675994873047,74.8480224609375,38.675743103027344,68.41131591796875,0.05096035450696945,1.2052268981933594,3171.7587890625,15.596449851989746,1.9107730388641357,257.97222900390625,81.58038330078125,0.28648385405540466,15.3831787109375,0.0,3.218187093734741,1.0346643924713135,0.9979371428489685,0.22261230647563934,13.0,3.0,56.18563461303711,0,synthetic_neutral,2026-01-01T14:50:00+00:00,synthetic,synthetic_neutral,generator_label,"current (synthetic_data.py, seed=42)"
123.77826690673828,10.008465766906738,106.91903686523438,137.8596954345703,35.70323944091797,74.39366149902344,0.05301706865429878,2.876706838607788,2135.7705078125,15.701598167419434,2.921347141265869,287.9709777832031,89.73121643066406,0.42291584610939026,7.226569175720215,0.13556483387947083,0.813145637512207,5.391031265258789,1.3413633108139038,0.34345167875289917,1.0,0.0,39.36096954345703,0,synthetic_neutral,2026-01-01T15:00:00+00:00,synthetic,synthetic_neutral,generator_label,"current (synthetic_data.py, seed=42)"
80.56771850585938,18.665271759033203,86.44774627685547,98.26844787597656,32.70342254638672,34.31565475463867,0.06262435019016266,1.3007872104644775,2150.647705078125,36.34181213378906,2.2970893383026123,319.246826171875,146.1825408935547,0.20350530743598938,6.808063983917236,0.0,3.6246800422668457,4.559146404266357,1.064788579940796,0.3211764395236969,4.0,2.0,1.9526660442352295,0,synthetic_neutral,2026-01-01T15:10:00+00:00,synthetic,synthetic_neutral,generator_label,"current (synthetic_data.py, seed=42)"
108.19637298583984,13.283970832824707,104.76363372802734,135.64785766601562,52.199432373046875,92.22389221191406,0.02280641905963421,2.2256133556365967,3040.8173828125,31.411401748657227,1.7227462530136108,255.693359375,17.949159622192383,0.2651737630367279,11.003311157226562,0.12721075117588043,6.111274719238281,4.4686279296875,0.6833208799362183,0.38626086711883545,7.0,0.0,22.991865158081055,0,synthetic_neutral,2026-01-01T15:20:00+00:00,synthetic,synthetic_neutral,generator_label,"current (synthetic_data.py, seed=42)"
110.01834106445312,12.912848472595215,78.30728912353516,134.57241821289062,37.84523391723633,84.62507629394531,0.08873359858989716,1.3688815832138062,3373.66845703125,29.150144577026367,2.20283842086792,318.94549560546875,88.69464111328125,0.22491778433322906,12.513144493103027,0.40595540404319763,6.339317321777344,1.2201563119888306,0.9991493821144104,0.2895066738128662,11.0,0.0,29.894723892211914,0,synthetic_neutral,2026-01-01T15:30:00+00:00,synthetic,synthetic_neutral,generator_label,"current (synthetic_data.py, seed=42)"
50.567108154296875,16.851058959960938,96.0941390991211,100.47618865966797,28.02833366394043,78.22042083740234,0.042286548763513565,3.194659948348999,2280.4697265625,19.34516143798828,1.3062642812728882,297.66973876953125,76.15815734863281,0.32291629910469055,9.868206024169922,0.37722864747047424,4.827363967895508,1.4066070318222046,1.1988524198532104,0.3710044324398041,8.0,0.0,29.83694076538086,0,synthetic_neutral,2026-01-01T15:40:00+00:00,synthetic,synthetic_neutral,generator_label,"current (synthetic_data.py, seed=42)"
92.93667602539062,20.641199111938477,122.33159637451172,113.07867431640625,26.6166934967041,61.82746887207031,0.041851576417684555,2.437479019165039,2234.96875,16.52265167236328,2.4617342948913574,184.91854858398438,122.70160675048828,0.29146239161491394,22.589473724365234,0.0,4.7949090003967285,4.69041633605957,1.0975325107574463,0.24176330864429474,15.0,1.0,67.7492446899414,0,synthetic_neutral,2026-01-01T15:50:00+00:00,synthetic,synthetic_neutral,generator_label,"current (synthetic_data.py, seed=42)"
97.11824798583984,16.089012145996094,114.34153747558594,158.3662109375,37.12641143798828,45.96691131591797,0.07998575270175934,3.1228480339050293,2976.803466796875,38.3651123046875,1.8790099620819092,435.03515625,93.81275177001953,0.3089686334133148,13.47746753692627,0.4862910211086273,3.4844210147857666,2.670001268386841,0.9495875835418701,0.23770439624786377,12.0,2.0,52.23869323730469,0,synthetic_neutral,2026-01-01T16:00:00+00:00,synthetic,synthetic_neutral,generator_label,"current (synthetic_data.py, seed=42)"
143.0636444091797,19.97223663330078,91.68280029296875,94.65968322753906,32.60863494873047,60.274044036865234,0.010751409456133842,1.410839557647705,1822.8006591796875,23.31451988220215,1.9141417741775513,300.78741455078125,84.82359313964844,0.34199845790863037,13.915509223937988,0.06262105703353882,6.092259883880615,2.7743849754333496,1.1897361278533936,0.237314835190773,12.0,3.0,16.77231216430664,0,synthetic_neutral,2026-01-01T16:10:00+00:00,synthetic,synthetic_neutral,generator_label,"current (synthetic_data.py, seed=42)"
70.72969818115234,9.840224266052246,142.4600372314453,126.84561920166016,30.916587829589844,80.90840148925781,0.0575934574007988,2.3023228645324707,2362.1240234375,35.98603057861328,2.297919750213623,188.23570251464844,103.00898742675781,0.3518197238445282,19.986135482788086,0.0,4.893490791320801,1.6097023487091064,0.934745192527771,0.25962913036346436,13.0,2.0,62.81858825683594,0,synthetic_neutral,2026-01-01T16:20:00+00:00,synthetic,synthetic_neutral,generator_label,"current (synthetic_data.py, seed=42)"
91.69424438476562,10.077329635620117,83.87284851074219,108.26100158691406,45.5057373046875,49.333457946777344,0.04589364677667618,0.312643826007843,2673.387939453125,41.755001068115234,2.402512788772583,361.0088806152344,87.7682113647461,0.1764407455921173,22.6915225982666,0.6340849995613098,6.174356937408447,4.797079086303711,1.0836094617843628,0.19898860156536102,11.0,0.0,25.943660736083984,0,synthetic_neutral,2026-01-01T16:30:00+00:00,synthetic,synthetic_neutral,generator_label,"current (synthetic_data.py, seed=42)"
84.01615905761719,19.851581573486328,88.16675567626953,160.4303436279297,39.55455017089844,58.11465072631836,0.0719774141907692,1.5727651119232178,1773.646240234375,19.658493041992188,2.1956164836883545,324.0772399902344,93.32986450195312,0.16990655660629272,8.72347354888916,0.0,7.9451189041137695,5.227960586547852,0.9337643980979919,0.20810183882713318,12.0,5.0,45.481964111328125,0,synthetic_neutral,2026-01-01T16:40:00+00:00,synthetic,synthetic_neutral,generator_label,"current (synthetic_data.py, seed=42)"
120.98018646240234,7.77397346496582,84.42071533203125,135.16616821289062,22.437698364257812,46.1679801940918,0.023904284462332726,3.1318740844726562,2289.686767578125,36.807716369628906,1.899401307106018,332.2669677734375,107.45816802978516,0.1730637401342392,7.575290679931641,0.0,5.705903053283691,2.5235297679901123,0.8807946443557739,0.17106565833091736,11.0,2.0,33.51653289794922,0,synthetic_neutral,2026-01-01T16:50:00+00:00,synthetic,synthetic_neutral,generator_label,"current (synthetic_data.py, seed=42)"
112.85445404052734,13.406258583068848,103.28748321533203,152.71417236328125,24.07991600036621,57.669471740722656,0.04907641559839249,1.452191948890686,2547.08251953125,31.14603042602539,2.1325364112854004,241.40284729003906,34.505653381347656,0.2438076287508011,22.257217407226562,0.24856621026992798,3.6193251609802246,2.12951397895813,0.7663317322731018,0.21398572623729706,9.0,3.0,72.20793151855469,0,synthetic_neutral,2026-01-01T17:00:00+00:00,synthetic,synthetic_neutral,generator_label,"current (synthetic_data.py, seed=42)"
83.21565246582031,22.31097984313965,96.42285919189453,78.87474060058594,40.20029830932617,76.83296203613281,0.04879403114318848,3.4695913791656494,3324.709228515625,5.666131019592285,2.969724655151367,240.7529296875,93.98698425292969,0.4114471673965454,8.953482627868652,0.0,8.320131301879883,2.6998305320739746,0.8798138499259949,0.09703820943832397,5.0,2.0,39.199981689453125,0,synthetic_neutral,2026-01-01T17:10:00+00:00,synthetic,synthetic_neutral,generator_label,"current (synthetic_data.py, seed=42)"
74.78231811523438,20.37671661376953,87.63186645507812,147.7789764404297,40.112083435058594,64.91883087158203,0.03888558968901634,1.3232089281082153,3306.936767578125,32.157562255859375,1.1952027082443237,246.61036682128906,87.1911849975586,0.4363675117492676,16.63408660888672,0.0,5.6963653564453125,2.950418710708618,1.0900882482528687,0.19813808798789978,2.0,3.0,73.19817352294922,0,synthetic_neutral,2026-01-01T17:20:00+00:00,synthetic,synthetic_neutral,generator_label,"current (synthetic_data.py, seed=42)"
100.19587707519531,36.75679016113281,96.88811492919922,109.2938003540039,102.58444213867188,43.480873107910156,0.30940526723861694,9.022923469543457,1489.893310546875,9.485689163208008,4.20913553237915,556.8080444335938,263.596923828125,0.9202696084976196,35.6877555847168,4.498725891113281,27.39164161682129,23.27052879333496,3.047807216644287,1.0823360681533813,13.0,0.0,121.08683013916016,2,synthetic_stressed,2026-01-01T17:30:00+00:00,synthetic,synthetic_stressed,generator_label,"current (synthetic_data.py, seed=42)"
125.771240234375,40.64862060546875,127.01932525634766,172.7107696533203,88.85445404052734,25.43499755859375,0.09926968812942505,9.715514183044434,1903.3956298828125,4.72012996673584,4.3797383308410645,817.612060546875,253.76783752441406,0.6169986128807068,29.365724563598633,4.187069416046143,16.42083740234375,15.56545352935791,2.5547425746917725,1.0311840772628784,14.0,2.0,92.7812728881836,2,synthetic_stressed,2026-01-01T17:40:00+00:00,synthetic,synthetic_stressed,generator_label,"current (synthetic_data.py, seed=42)"
190.12542724609375,32.06998825073242,171.02183532714844,290.9363098144531,80.18524169921875,43.92664337158203,0.08394045382738113,6.887054443359375,2045.9466552734375,5.503549098968506,3.815094232559204,476.52667236328125,213.7823944091797,0.8469656705856323,31.566364288330078,3.2101402282714844,24.046279907226562,18.503353118896484,1.907533049583435,0.8266332149505615,9.0,2.0,95.24088287353516,2,synthetic_stressed,2026-01-01T17:50:00+00:00,synthetic,synthetic_stressed,generator_label,"current (synthetic_data.py, seed=42)"
147.35169982910156,35.85874938964844,73.34405517578125,158.91990661621094,164.12356567382812,34.077789306640625,0.26916980743408203,7.775566577911377,1832.5238037109375,8.482666969299316,5.779247283935547,589.760009765625,374.93524169921875,0.5833448171615601,28.977598190307617,3.50917649269104,25.783390045166016,18.1563663482666,2.978923797607422,1.2611232995986938,20.0,2.0,73.36410522460938,2,synthetic_stressed,2026-01-01T18:00:00+00:00,synthetic,synthetic_stressed,generator_label,"current (synthetic_data.py, seed=42)"
115.1697998046875,44.6285285949707,171.19198608398438,126.45210266113281,106.36641693115234,24.271099090576172,0.0861951932311058,10.711374282836914,2558.935546875,7.908480167388916,3.8926191329956055,389.3343505859375,352.171630859375,0.7311355471611023,34.73429489135742,5.076622486114502,4.817223072052002,20.368921279907227,3.1525821685791016,0.708411693572998,5.0,5.0,68.90975952148438,2,synthetic_stressed,2026-01-01T18:10:00+00:00,synthetic,synthetic_stressed,generator_label,"current (synthetic_data.py, seed=42)"
191.0101318359375,53.98713684082031,169.6576385498047,86.4742660522461,132.69659423828125,37.87994384765625,0.1516309529542923,15.028618812561035,1845.13623046875,9.615730285644531,4.923839092254639,712.391845703125,229.9330291748047,0.6285603046417236,48.21099090576172,1.254022240638733,30.468442916870117,22.607975006103516,3.3221051692962646,1.0367323160171509,10.0,0.0,86.28797149658203,2,synthetic_stressed,2026-01-01T18:20:00+00:00,synthetic,synthetic_stressed,generator_label,"current (synthetic_data.py, seed=42)"
132.58502197265625,37.5477294921875,166.8136749267578,166.9430694580078,92.5724868774414,36.20995330810547,0.18997828662395477,10.876970291137695,2275.264404296875,7.441260814666748,4.227030277252197,608.3798217773438,261.9100036621094,0.705859363079071,34.31539535522461,4.359433174133301,22.049734115600586,15.820229530334473,1.0713036060333252,0.8908973932266235,20.0,2.0,48.615806579589844,2,synthetic_stressed,2026-01-01T18:30:00+00:00,synthetic,synthetic_stressed,generator_label,"current (synthetic_data.py, seed=42)"
161.51873779296875,43.80342483520508,189.23492431640625,188.74551391601562,103.44325256347656,22.908769607543945,0.16219066083431244,11.593217849731445,1539.7208251953125,5.4384074211120605,3.224661111831665,705.9242553710938,323.7420654296875,0.9295241832733154,42.978782653808594,2.60225248336792,27.811616897583008,17.030759811401367,3.5113914012908936,1.0689607858657837,17.0,0.0,79.19672393798828,2,synthetic_stressed,2026-01-01T18:40:00+00:00,synthetic,synthetic_stressed,generator_label,"current (synthetic_data.py, seed=42)"
200.78504943847656,39.52088165283203,178.32032775878906,41.447757720947266,159.7781219482422,33.28554153442383,0.35767701268196106,9.522542953491211,2804.160400390625,7.095032691955566,6.052252292633057,582.8096923828125,209.88880920410156,0.5391225814819336,48.664642333984375,2.354555368423462,35.43535614013672,12.960158348083496,2.307630777359009,0.9561314582824707,16.0,1.0,49.70318603515625,2,synthetic_stressed,2026-01-01T18:50:00+00:00,synthetic,synthetic_stressed,generator_label,"current (synthetic_data.py, seed=42)"
152.70046997070312,54.146392822265625,186.0934295654297,166.82839965820312,47.559757232666016,42.37786865234375,0.1987774819135666,16.247549057006836,2379.81201171875,7.606409072875977,3.3817100524902344,547.883056640625,301.58251953125,0.8015362024307251,22.590200424194336,2.1224799156188965,20.739355087280273,18.077482223510742,2.5788843631744385,0.886404812335968,12.0,1.0,95.32138061523438,2,synthetic_stressed,2026-01-01T19:00:00+00:00,synthetic,synthetic_stressed,generator_label,"current (synthetic_data.py, seed=42)"
189.80601501464844,53.45798873901367,131.59066772460938,190.18960571289062,89.87256622314453,48.26621627807617,0.20353105664253235,8.86644172668457,2419.599365234375,11.621865272521973,3.0783915519714355,701.7153930664062,409.443115234375,0.8375742435455322,29.478961944580078,0.0,23.740493774414062,9.069185256958008,3.5551793575286865,0.7484747767448425,22.0,3.0,49.32568359375,2,synthetic_stressed,2026-01-01T19:10:00+00:00,synthetic,synthetic_stressed,generator_label,"current (synthetic_data.py, seed=42)"
114.0986557006836,44.06792068481445,79.73353576660156,163.28012084960938,103.60134887695312,31.91685676574707,0.23180757462978363,13.346261978149414,1948.528076171875,3.3925206661224365,3.7488486766815186,580.6419067382812,348.44195556640625,0.5639173984527588,43.96890640258789,3.3872408866882324,26.239849090576172,4.388683319091797,2.9916980266571045,1.4162027835845947,13.0,2.0,87.87071990966797,2,synthetic_stressed,2026-01-01T19:20:00+00:00,synthetic,synthetic_stressed,generator_label,"current (synthetic_data.py, seed=42)"
140.20663452148438,45.571014404296875,144.74917602539062,249.4453125,77.38797760009766,40.55084991455078,0.25364765524864197,7.627528190612793,2037.7825927734375,4.487707138061523,3.7928686141967773,545.1412353515625,232.38671875,0.7288632392883301,33.084251403808594,0.9695814847946167,16.062519073486328,20.658720016479492,2.4868698120117188,0.5421242117881775,16.0,2.0,73.13756561279297,2,synthetic_stressed,2026-01-01T19:30:00+00:00,synthetic,synthetic_stressed,generator_label,"current (synthetic_data.py, seed=42)"
120.36021423339844,39.31122970581055,226.4445037841797,212.5718231201172,104.50049591064453,17.508371353149414,0.23444747924804688,12.989604949951172,2740.22412109375,10.531831741333008,4.087917327880859,589.2241821289062,228.63551330566406,0.6516141891479492,2.8720524311065674,3.833822250366211,3.971628189086914,11.769152641296387,1.7922165393829346,0.8250615000724792,6.0,3.0,127.52303314208984,2,synthetic_stressed,2026-01-01T19:40:00+00:00,synthetic,synthetic_stressed,generator_label,"current (synthetic_data.py, seed=42)"
131.9673614501953,32.470951080322266,144.29818725585938,163.27926635742188,123.41799926757812,43.1934700012207,0.15287192165851593,8.980252265930176,2666.4794921875,7.19847297668457,2.9288156032562256,752.4833984375,408.2557678222656,0.7680937051773071,14.505894660949707,0.0,22.92817497253418,14.175329208374023,2.6881446838378906,0.9286045432090759,16.0,0.0,58.089515686035156,2,synthetic_stressed,2026-01-01T19:50:00+00:00,synthetic,synthetic_stressed,generator_label,"current (synthetic_data.py, seed=42)"
209.6110382080078,57.25802993774414,114.90094757080078,215.84837341308594,114.87847137451172,36.58647537231445,0.19168652594089508,8.643176078796387,2055.467529296875,5.848277568817139,4.433136463165283,739.87939453125,298.417236328125,0.6583417057991028,45.786376953125,4.089193820953369,34.23207092285156,11.438531875610352,2.686192512512207,0.2970570921897888,10.0,4.0,49.25925827026367,2,synthetic_stressed,2026-01-01T20:00:00+00:00,synthetic,synthetic_stressed,generator_label,"current (synthetic_data.py, seed=42)"
174.2499542236328,58.06074523925781,133.986572265625,133.59510803222656,136.95037841796875,26.597482681274414,0.22360943257808685,7.948291778564453,1473.5855712890625,8.5042142868042,3.8735268115997314,664.7153930664062,256.0286560058594,0.7901889681816101,24.130905151367188,1.9159849882125854,21.71055793762207,16.291078567504883,1.7562828063964844,1.0031722784042358,21.0,1.0,63.654869079589844,2,synthetic_stressed,2026-01-01T20:10:00+00:00,synthetic,synthetic_stressed,generator_label,"current (synthetic_data.py, seed=42)"
142.4536590576172,32.28668212890625,194.1136474609375,59.447078704833984,69.93604278564453,38.578208923339844,0.16282372176647186,12.188092231750488,2159.0810546875,9.22533893585205,3.528456926345825,519.4158325195312,284.5196838378906,0.6582936644554138,31.953750610351562,2.647360324859619,26.7209529876709,12.089215278625488,3.7552242279052734,1.0239452123641968,11.0,2.0,118.60428619384766,2,synthetic_stressed,2026-01-01T20:20:00+00:00,synthetic,synthetic_stressed,generator_label,"current (synthetic_data.py, seed=42)"
161.64126586914062,23.09296989440918,108.02233123779297,129.86392211914062,86.58869934082031,44.7796516418457,0.1424676924943924,13.419574737548828,2284.97265625,13.183625221252441,3.1081995964050293,736.7224731445312,284.31878662109375,0.47455570101737976,6.294365882873535,2.0653927326202393,11.442508697509766,11.678168296813965,4.317537784576416,1.3267717361450195,18.0,0.0,42.24470138549805,2,synthetic_stressed,2026-01-01T20:30:00+00:00,synthetic,synthetic_stressed,generator_label,"current (synthetic_data.py, seed=42)"
136.24314880371094,16.77484130859375,133.37533569335938,133.19740295410156,145.6138153076172,32.398433685302734,0.18292784690856934,8.712044715881348,2472.627685546875,4.620866298675537,5.060993671417236,582.2749633789062,314.2614440917969,0.8257657289505005,47.9893798828125,4.034175872802734,20.282730102539062,16.334110260009766,2.987549066543579,0.612995982170105,13.0,2.0,66.91610717773438,2,synthetic_stressed,2026-01-01T20:40:00+00:00,synthetic,synthetic_stressed,generator_label,"current (synthetic_data.py, seed=42)"
206.99639892578125,27.785062789916992,131.2990264892578,224.22137451171875,116.95378112792969,39.23553466796875,0.2898009717464447,8.749554634094238,2140.295166015625,10.189478874206543,6.840062618255615,747.5213623046875,339.4695739746094,0.43826451897621155,33.59557342529297,2.3671188354492188,30.18266487121582,14.848204612731934,1.8051633834838867,1.032655119895935,11.0,4.0,123.37700653076172,2,synthetic_stressed,2026-01-01T20:50:00+00:00,synthetic,synthetic_stressed,generator_label,"current (synthetic_data.py, seed=42)"
156.84185791015625,38.6816291809082,125.83045196533203,99.85038757324219,86.39517211914062,39.300132751464844,0.1671692430973053,6.232846260070801,2498.857666015625,5.841689109802246,3.0184271335601807,639.2471313476562,298.068115234375,0.6833248734474182,29.841962814331055,2.3909170627593994,18.948822021484375,8.992749214172363,2.9063704013824463,0.7305300831794739,13.0,4.0,84.33564758300781,2,synthetic_stressed,2026-01-01T21:00:00+00:00,synthetic,synthetic_stressed,generator_label,"current (synthetic_data.py, seed=42)"
183.23580932617188,31.73065757751465,162.23159790039062,144.8030548095703,111.83757781982422,21.0701847076416,0.21505381166934967,9.08071517944336,1633.3145751953125,12.307745933532715,5.262957572937012,532.2615966796875,211.34884643554688,0.6225790977478027,25.30988883972168,2.554327964782715,6.900417804718018,17.197229385375977,2.2794370651245117,0.7695876359939575,17.0,1.0,106.76825714111328,2,synthetic_stressed,2026-01-01T21:10:00+00:00,synthetic,synthetic_stressed,generator_label,"current (synthetic_data.py, seed=42)"
182.82704162597656,28.036821365356445,148.86549377441406,340.2405090332031,120.68097686767578,51.39132308959961,0.08532401919364929,4.287261009216309,1973.8018798828125,8.550543785095215,2.789281129837036,422.8018493652344,153.49374389648438,0.6412264704704285,40.86215591430664,0.35042068362236023,16.997509002685547,20.75326919555664,1.2672555446624756,1.1209012269973755,13.0,2.0,106.73420715332031,2,synthetic_stressed,2026-01-01T21:20:00+00:00,synthetic,synthetic_stressed,generator_label,"current (synthetic_data.py, seed=42)"
144.78607177734375,19.146345138549805,123.26908874511719,203.17356872558594,138.54656982421875,37.13862228393555,0.13581432402133942,9.771857261657715,1954.0999755859375,2.051288604736328,4.161472797393799,522.139892578125,262.5068359375,0.770810067653656,24.144990921020508,4.04256010055542,30.295806884765625,9.8073091506958,2.752592086791992,1.2630785703659058,3.0,1.0,81.51972198486328,2,synthetic_stressed,2026-01-01T21:30:00+00:00,synthetic,synthetic_stressed,generator_label,"current (synthetic_data.py, seed=42)"
164.63720703125,52.35016632080078,134.73948669433594,130.89149475097656,115.06078338623047,36.390132904052734,0.23258227109909058,9.613475799560547,2479.491455078125,10.12000560760498,4.661635875701904,583.115478515625,240.98826599121094,0.805561900138855,33.28555679321289,3.8121471405029297,22.050142288208008,10.660758972167969,2.3797364234924316,0.8282384276390076,18.0,0.0,62.1511116027832,2,synthetic_stressed,2026-01-01T21:40:00+00:00,synthetic,synthetic_stressed,generator_label,"current (synthetic_data.py, seed=42)"
165.25914001464844,30.733692169189453,156.4020233154297,198.52052307128906,109.41570281982422,25.13080596923828,0.16078314185142517,8.603302001953125,2282.65576171875,9.944644927978516,5.733675956726074,826.954833984375,400.7614440917969,0.7095267176628113,38.61992263793945,4.380281448364258,11.959701538085938,11.121548652648926,3.7466394901275635,0.9255596995353699,19.0,0.0,81.6148452758789,2,synthetic_stressed,2026-01-01T21:50:00+00:00,synthetic,synthetic_stressed,generator_label,"current (synthetic_data.py, seed=42)"
217.3206024169922,43.897098541259766,221.3816375732422,196.47084045410156,171.09747314453125,42.105140686035156,0.09849424660205841,10.343360900878906,2178.1259765625,16.13147735595703,2.6742939949035645,255.7271270751953,279.4670104980469,0.71761155128479,26.889524459838867,2.1093761920928955,17.21790313720703,10.337526321411133,1.8419245481491089,0.8736878037452698,14.0,2.0,95.33609008789062,2,synthetic_stressed,2026-01-01T22:00:00+00:00,synthetic,synthetic_stressed,generator_label,"current (synthetic_data.py, seed=42)"
130.73068237304688,40.71630096435547,151.94944763183594,162.82191467285156,177.7538299560547,17.30108642578125,0.26206982135772705,5.775259971618652,2421.1923828125,6.222462177276611,4.207808494567871,285.2726135253906,217.61941528320312,0.5081982016563416,44.58560562133789,5.620250225067139,15.960976600646973,16.848569869995117,2.745443820953369,0.8583641648292542,12.0,1.0,94.97528076171875,2,synthetic_stressed,2026-01-01T22:10:00+00:00,synthetic,synthetic_stressed,generator_label,"current (synthetic_data.py, seed=42)"
136.7697296142578,40.9412727355957,169.2696533203125,265.2901916503906,75.9761734008789,42.23160171508789,0.24404127895832062,5.558791637420654,1387.3070068359375,8.742742538452148,4.415195941925049,571.4469604492188,269.3816223144531,0.8763902187347412,25.446269989013672,0.0,28.351333618164062,12.891225814819336,1.5208414793014526,0.8372006416320801,15.0,3.0,53.32711410522461,2,synthetic_stressed,2026-01-01T22:20:00+00:00,synthetic,synthetic_stressed,generator_label,"current (synthetic_data.py, seed=42)"
160.88885498046875,52.36299514770508,147.33657836914062,156.4293670654297,129.2687530517578,26.50124168395996,0.03431291505694389,6.302757263183594,2531.548828125,13.66057014465332,3.8646106719970703,816.4765625,177.1627197265625,0.5224682092666626,31.655563354492188,1.2437163591384888,19.589250564575195,12.016637802124023,2.1539504528045654,1.40068519115448,12.0,2.0,89.41283416748047,2,synthetic_stressed,2026-01-01T22:30:00+00:00,synthetic,synthetic_stressed,generator_label,"current (synthetic_data.py, seed=42)"
85.46722412109375,55.42698669433594,135.05502319335938,137.40484619140625,150.61129760742188,25.109954833984375,0.1963747888803482,5.7729973793029785,1667.7935791015625,13.94871711730957,3.422840118408203,780.703369140625,232.58558654785156,0.7976086735725403,41.9798469543457,4.825939655303955,11.73334789276123,13.261987686157227,2.454663038253784,0.9781467318534851,18.0,1.0,123.48837280273438,2,synthetic_stressed,2026-01-01T22:40:00+00:00,synthetic,synthetic_stressed,generator_label,"current (synthetic_data.py, seed=42)"
200.01002502441406,48.75783157348633,153.9938507080078,239.37596130371094,59.10252380371094,42.77794647216797,0.144568532705307,12.971236228942871,2082.333740234375,13.77493667602539,3.790379524230957,284.47418212890625,261.7756042480469,0.7658633589744568,27.19742774963379,2.317505359649658,21.717134475708008,14.088772773742676,2.6319401264190674,0.7614467740058899,16.0,2.0,45.39447021484375,2,synthetic_stressed,2026-01-01T22:50:00+00:00,synthetic,synthetic_stressed,generator_label,"current (synthetic_data.py, seed=42)"
164.85379028320312,37.03191375732422,168.55380249023438,221.2108154296875,81.36788177490234,43.458438873291016,0.12549179792404175,6.374917507171631,1864.9112548828125,0.039862699806690216,4.2570929527282715,838.9478759765625,206.5133056640625,0.5650447607040405,17.734636306762695,0.7808303833007812,8.12906265258789,15.437328338623047,1.8961310386657715,0.836053729057312,20.0,4.0,117.72888946533203,2,synthetic_stressed,2026-01-01T23:00:00+00:00,synthetic,synthetic_stressed,generator_label,"current (synthetic_data.py, seed=42)"
150.9960174560547,66.51826477050781,109.56419372558594,208.22357177734375,121.63481903076172,46.64733123779297,0.1871127486228943,14.093896865844727,1675.42236328125,11.358953475952148,4.36385440826416,490.26287841796875,269.1216125488281,0.8431819677352905,21.577722549438477,3.57296085357666,14.631193161010742,11.342411994934082,2.4486443996429443,1.135216236114502,11.0,3.0,96.2121353149414,2,synthetic_stressed,2026-01-01T23:10:00+00:00,synthetic,synthetic_stressed,generator_label,"current (synthetic_data.py, seed=42)"
